_id,date,adm_level,adm_id,PCODE,n_pixels,rfh,rfh_avg,r1h,r1h_avg,r3h,r3h_avg,rfq,r1q,r3q,version
1621,2026-01-01T00:00:00,1,900893,SS01,1404.0,1.5277778,2.1218185,13.5541315,7.472887,149.67947,179.86308,91.65886,148.7557,83.672455,final
1622,2026-01-11T00:00:00,1,900893,SS01,1404.0,0.97720796,1.5896012,12.907408,6.318827,120.09473,132.80779,90.70667,158.20905,90.77479,final
1623,2026-01-21T00:00:00,1,900893,SS01,1404.0,1.6168091,2.3929963,4.1217947,6.104416,58.377495,82.4816,89.50104,82.14565,72.446655,final
1624,2026-02-01T00:00:00,1,900893,SS01,1404.0,4.5135326,3.0123694,7.1075497,6.994967,39.680916,56.474785,118.73557,100.93858,72.681694,final
1625,2026-02-11T00:00:00,1,900893,SS01,1404.0,9.514245,3.897341,15.644587,9.302707,38.80698,39.63934,163.13016,144.34042,98.13537,final
1626,2026-02-21T00:00:00,1,900893,SS01,1404.0,7.4757833,5.046724,21.503561,11.956434,42.332623,30.376093,124.17762,156.30386,133.79834,final
1627,2026-03-01T00:00:00,1,900893,SS01,1404.0,6.2115383,11.986206,23.201567,20.930271,43.86325,35.398125,66.003784,108.75925,120.954254,final
1628,2026-03-11T00:00:00,1,900893,SS01,1404.0,24.497864,14.886491,38.185184,31.91942,66.73718,47.540955,148.33118,116.971466,136.53574,final
1629,2026-03-21T00:00:00,1,900893,SS01,1404.0,68.22721,22.41548,98.936615,49.288177,124.561966,67.34903,267.10168,191.45349,179.07907,final
1630,2026-04-01T00:00:00,1,900893,SS01,1404.0,26.33547,34.71028,119.06055,72.01225,149.36966,99.937485,78.91022,161.09196,147.10631,final
1631,2026-04-11T00:00:00,1,900893,SS01,1404.0,22.558405,44.521484,117.121086,101.64725,170.95087,142.86937,55.649395,114.50937,118.990746,final
1632,2026-04-21T00:00:00,1,900893,SS01,1404.0,68.99003,46.54024,117.8839,125.77201,238.32407,187.01662,143.55779,93.96805,126.72032,final
1633,2026-05-01T00:00:00,1,900893,SS01,1404.0,46.20299,47.648907,137.75142,138.71063,280.01355,231.65315,97.25366,99.33254,120.43514,final
1634,2026-05-11T00:00:00,1,900893,SS01,1404.0,39.424503,47.316998,154.61752,141.50615,309.9238,275.0728,84.91409,108.94936,112.44354,final
1635,2026-05-21T00:00:00,1,900893,SS01,1404.0,21.236467,47.8382,106.86396,142.80411,323.6845,317.8643,49.654354,75.68394,101.80268,final
1636,2026-06-01T00:00:00,1,900893,SS01,1404.0,31.608263,49.54632,92.26923,144.70152,349.08124,355.4244,67.11408,64.97545,98.24008,final
1637,2026-06-11T00:00:00,1,900893,SS01,1404.0,13.0698,45.159092,65.91453,142.54361,337.65317,385.69702,36.024975,48.063435,87.70304,final
1638,2026-06-21T00:00:00,1,900893,SS01,1404.0,22.85114,47.190193,67.529205,141.89561,292.27707,410.4717,53.3647,49.374657,71.5517,final
1639,2026-07-01T00:00:00,1,900893,SS01,1404.0,53.97792,49.787155,89.898865,142.13644,319.9195,425.5486,107.64917,64.497185,75.466385,final
1640,2026-07-11T00:00:00,1,900893,SS01,1404.0,29.399572,51.99371,106.22863,148.97105,326.76065,433.0208,60.35679,72.23996,75.740845,final
1641,2026-07-21T00:00:00,1,900893,SS01,1404.0,44.84829,56.789886,128.22578,158.57076,302.61896,443.27048,80.67387,81.44841,68.62351,final
1642,2026-08-01T00:00:00,1,900893,SS01,1404.0,33.320515,50.70185,107.568375,159.48544,289.73648,446.3234,68.79576,68.436676,65.30494,prelim
1643,2026-08-11T00:00:00,1,900893,SS01,1404.0,35.24359,48.305912,113.4124,155.79765,285.55554,447.31232,75.495544,73.640625,64.237816,prelim
3264,2026-01-01T00:00:00,1,900894,SS02,2300.0,1.5756521,2.5543478,35.02348,15.392856,183.97607,149.64003,87.0446,196.26225,122.20385,final
3265,2026-01-11T00:00:00,1,900894,SS02,2300.0,1.1117392,2.076826,22.187828,11.069101,150.28957,120.71749,86.36272,169.1932,123.52264,final
3266,2026-01-21T00:00:00,1,900894,SS02,2300.0,1.9447826,3.0708551,4.632174,7.702029,72.78218,89.63033,86.04767,75.83177,82.19582,final
3267,2026-02-01T00:00:00,1,900894,SS02,2300.0,7.8565216,4.180319,10.913044,9.328,62.768696,68.49333,140.04439,111.06256,92.21067,final
3268,2026-02-11T00:00:00,1,900894,SS02,2300.0,14.189131,5.244942,23.990435,12.496116,69.16392,55.27584,187.30347,165.6964,123.04086,final
3269,2026-02-21T00:00:00,1,900894,SS02,2300.0,22.39913,5.8890142,44.444782,15.314276,88.42739,45.850883,251.62177,243.39919,183.72816,final
3270,2026-03-01T00:00:00,1,900894,SS02,2300.0,25.123043,12.901421,61.711304,24.035378,107.64783,48.756233,168.2718,229.7587,209.55305,final
3271,2026-03-11T00:00:00,1,900894,SS02,2300.0,32.15652,15.056348,79.678696,33.846783,125.856964,57.412,185.26067,217.98125,209.66635,final
3272,2026-03-21T00:00:00,1,900894,SS02,2300.0,68.1187,23.712986,125.39826,51.670753,174.47522,74.68706,254.65376,230.09796,225.22507,final
3273,2026-04-01T00:00:00,1,900894,SS02,2300.0,21.413044,27.192072,121.68826,65.9614,194.3126,99.32478,82.048294,178.53123,191.0501,final
3274,2026-04-11T00:00:00,1,900894,SS02,2300.0,10.928696,30.786348,100.460434,81.69141,204.12956,128.0343,44.51054,121.65038,157.19972,final
3275,2026-04-21T00:00:00,1,900894,SS02,2300.0,62.648697,33.845303,94.99043,91.82372,264.8335,158.80876,174.14897,103.27059,164.7247,final
3276,2026-05-01T00:00:00,1,900894,SS02,2300.0,61.31652,36.69951,134.89392,101.33116,318.2935,191.32794,159.0343,131.56436,164.67014,final
3277,2026-05-11T00:00:00,1,900894,SS02,2300.0,48.855217,33.486176,172.82043,104.03098,352.95956,219.56918,139.93393,163.09166,159.39835,final
3278,2026-05-21T00:00:00,1,900894,SS02,2300.0,16.59913,32.196465,126.77087,102.38214,347.15958,245.87662,58.067696,122.7121,140.37163,final
3279,2026-06-01T00:00:00,1,900894,SS02,2300.0,13.594348,32.768566,79.04869,98.4512,335.6309,265.74377,49.232338,81.24477,125.813,final
3280,2026-06-11T00:00:00,1,900894,SS02,2300.0,7.21,29.956362,37.403477,94.921394,310.68436,280.6438,34.929268,42.436836,110.516785,final
3281,2026-06-21T00:00:00,1,900894,SS02,2300.0,17.734348,29.27171,38.538696,91.996635,260.30002,286.2025,66.33561,44.88681,91.10499,final
3282,2026-07-01T00:00:00,1,900894,SS02,2300.0,27.636957,40.46525,52.581306,99.69332,266.52393,299.47568,71.7844,54.999985,89.17754,final
3283,2026-07-11T00:00:00,1,900894,SS02,2300.0,26.010435,38.316593,71.381744,108.05355,281.60565,307.00592,71.590195,67.56245,91.85904,final
3284,2026-07-21T00:00:00,1,900894,SS02,2300.0,35.700436,48.97406,89.347824,127.7559,254.65741,322.13467,75.407394,71.06866,79.373245,final
3285,2026-08-01T00:00:00,1,900894,SS02,2300.0,28.574783,36.755695,90.28565,124.04635,221.91566,322.19086,80.40768,73.83831,69.35269,prelim
3286,2026-08-11T00:00:00,1,900894,SS02,2300.0,25.291304,37.76171,89.56653,123.49146,198.35175,326.4664,70.83744,73.59752,61.34913,prelim
4907,2026-01-01T00:00:00,1,900895,SS03,3988.0,0.7655466,0.9054998,5.297643,4.31553,102.86159,108.21509,97.63012,110.54276,95.27139,final
4908,2026-01-11T00:00:00,1,900895,SS03,3988.0,0.6354062,0.84775996,3.9864593,3.4035773,65.43556,75.5944,96.36862,106.93612,87.39511,final
4909,2026-01-21T00:00:00,1,900895,SS03,3988.0,0.82021064,1.2368104,2.2211635,2.99007,34.215145,45.26181,93.3203,90.376724,78.02175,final
4910,2026-02-01T00:00:00,1,900895,SS03,3988.0,2.2673018,1.461451,3.7229185,3.5460215,22.084002,29.633917,112.471664,102.06994,78.2008,final
4911,2026-02-11T00:00:00,1,900895,SS03,3988.0,2.2392178,1.9293296,5.3267303,4.627591,17.890171,21.221857,104.47212,107.26183,87.294235,final
4912,2026-02-21T00:00:00,1,900895,SS03,3988.0,3.2507522,2.449883,7.757272,5.840664,17.025074,16.279213,110.75009,117.6798,103.50511,final
4913,2026-03-01T00:00:00,1,900895,SS03,3988.0,4.699599,5.7656217,10.189569,10.1448345,19.21013,18.006386,90.0979,100.29538,105.232216,final
4914,2026-03-11T00:00:00,1,900895,SS03,3988.0,12.249498,6.676262,20.199848,14.891767,29.513039,22.922935,147.73134,126.68482,123.60104,final
4915,2026-03-21T00:00:00,1,900895,SS03,3988.0,26.145687,10.39094,43.094784,22.832823,53.07322,31.663557,202.36377,172.7988,158.39493,final
4916,2026-04-01T00:00:00,1,900895,SS03,3988.0,30.632648,15.80214,69.02783,32.869343,82.94032,46.560196,171.29318,195.48222,170.55855,final
4917,2026-04-11T00:00:00,1,900895,SS03,3988.0,13.438315,20.309713,70.21665,46.502792,95.74323,66.02215,72.85075,146.04384,141.84763,final
4918,2026-04-21T00:00:00,1,900895,SS03,3988.0,32.108826,25.706377,76.179794,61.81823,127.03185,90.491714,120.85055,121.493484,138.26526,final
4919,2026-05-01T00:00:00,1,900895,SS03,3988.0,43.592278,34.705433,89.13942,80.72152,168.35683,123.735695,122.381935,109.82005,134.66106,final
4920,2026-05-11T00:00:00,1,900895,SS03,3988.0,58.1003,34.48372,133.8014,94.89553,224.2179,156.29008,159.81346,138.94656,142.11531,final
4921,2026-05-21T00:00:00,1,900895,SS03,3988.0,21.791374,39.311543,123.483955,108.500694,242.75851,193.15175,60.46139,113.20102,125.03474,final
4922,2026-06-01T00:00:00,1,900895,SS03,3988.0,37.854313,41.42311,117.74599,115.21837,275.91324,228.80923,92.312454,102.102516,120.14635,final
4923,2026-06-11T00:00:00,1,900895,SS03,3988.0,18.915747,40.203327,78.56143,120.93798,282.57947,262.3363,52.90705,66.35126,107.572174,final
4924,2026-06-21T00:00:00,1,900895,SS03,3988.0,30.0499,41.61778,86.81996,123.24422,286.4837,293.56314,75.18569,71.59774,97.62883,final
4925,2026-07-01T00:00:00,1,900895,SS03,3988.0,44.298645,51.052925,93.26429,132.87402,300.1497,328.81393,87.95017,71.271065,91.4131,final
4926,2026-07-11T00:00:00,1,900895,SS03,3988.0,48.793633,52.07738,123.14217,144.7481,335.505,360.58157,94.24685,85.57183,93.14064,final
4927,2026-07-21T00:00:00,1,900895,SS03,3988.0,56.58726,62.110973,149.67953,165.24129,359.98343,396.98618,91.76928,90.859,90.79502,final
4928,2026-08-01T00:00:00,1,900895,SS03,3988.0,49.853813,48.648712,155.23471,162.83707,366.24496,410.92947,102.246284,95.47039,89.25671,prelim
4929,2026-08-11T00:00:00,1,900895,SS03,3988.0,30.5499,52.496414,136.99097,163.2561,338.69458,428.94217,61.82977,84.389786,79.20286,prelim
6550,2026-01-01T00:00:00,1,900896,SS04,1405.0,0.2647687,0.2491815,0.59074736,0.44355872,74.12099,84.63908,100.29695,102.7039,88.266174,final
6551,2026-01-11T00:00:00,1,900896,SS04,1405.0,0.1886121,0.2814472,0.68967974,0.6208778,45.869045,50.893856,98.24223,101.224045,91.01008,final
6552,2026-01-21T00:00:00,1,900896,SS04,1405.0,0.50462633,0.7058363,0.9580071,1.236465,16.855516,18.423607,96.47361,95.534996,93.30551,final
6553,2026-02-01T00:00:00,1,900896,SS04,1405.0,0.6804271,0.59629893,1.3736656,1.5835824,6.212811,8.93554,101.50328,96.811516,80.461975,final
6554,2026-02-11T00:00:00,1,900896,SS04,1405.0,1.1921709,1.0159668,2.3772242,2.3181021,6.074733,6.2873783,102.92894,100.80789,98.11607,final
6555,2026-02-21T00:00:00,1,900896,SS04,1405.0,1.9345195,1.9685172,3.8071175,3.580783,6.5352316,6.3092527,99.51212,102.637695,101.99818,final
6556,2026-03-01T00:00:00,1,900896,SS04,1405.0,3.9295373,5.788351,7.0562277,8.772835,9.020641,10.799976,82.77017,87.53628,88.73837,final
6557,2026-03-11T00:00:00,1,900896,SS04,1405.0,13.153025,8.03191,19.017082,15.788778,22.083986,18.727758,139.29674,115.529076,114.14473,final
6558,2026-03-21T00:00:00,1,900896,SS04,1405.0,32.063347,12.900759,49.14591,26.72102,53.911034,31.538269,207.04904,170.6941,161.23105,final
6559,2026-04-01T00:00:00,1,900896,SS04,1405.0,22.189323,21.352812,67.40569,42.28548,75.83559,52.6419,103.17428,153.12459,140.23755,final
6560,2026-04-11T00:00:00,1,900896,SS04,1405.0,12.775801,30.107046,67.02847,64.36062,88.422775,82.4675,50.633137,103.846344,106.808556,final
6561,2026-04-21T00:00:00,1,900896,SS04,1405.0,35.092525,33.20828,70.05765,84.66814,123.01068,114.96994,104.93151,83.70604,106.70229,final
6562,2026-05-01T00:00:00,1,900896,SS04,1405.0,32.299644,41.483227,80.16797,104.79855,154.62988,155.85687,80.24323,77.567474,99.23721,final
6563,2026-05-11T00:00:00,1,900896,SS04,1405.0,44.552315,41.053024,111.94448,115.74453,197.99002,195.89392,107.598404,96.85282,101.04339,final
6564,2026-05-21T00:00:00,1,900896,SS04,1405.0,19.605694,44.19981,96.45766,126.73606,215.66121,238.12523,50.011765,77.01586,90.76031,final
6565,2026-06-01T00:00:00,1,900896,SS04,1405.0,38.42918,51.398743,102.58719,136.65158,250.16086,283.73563,77.00381,75.95199,88.371796,final
6566,2026-06-11T00:00:00,1,900896,SS04,1405.0,25.037722,53.3842,83.07259,148.98276,262.04556,329.0879,51.448376,57.196404,79.932724,final
6567,2026-06-21T00:00:00,1,900896,SS04,1405.0,52.594307,50.335327,116.06121,155.11827,282.5765,366.52246,104.082344,75.60737,77.40488,final
6568,2026-07-01T00:00:00,1,900896,SS04,1405.0,53.46121,51.419575,131.09323,155.1391,313.8484,396.58923,103.61866,84.98438,79.396645,final
6569,2026-07-11T00:00:00,1,900896,SS04,1405.0,33.059788,53.153168,139.1153,154.90807,334.1324,419.63535,65.447495,90.12384,79.86438,final
6570,2026-07-21T00:00:00,1,900896,SS04,1405.0,40.835587,59.199028,127.35658,163.77176,339.87543,445.6261,71.39608,78.423416,76.5325,final
6571,2026-08-01T00:00:00,1,900896,SS04,1405.0,43.4484,54.71962,117.343765,167.07181,351.0242,458.8625,81.126434,71.10041,76.752106,prelim
6572,2026-08-11T00:00:00,1,900896,SS04,1405.0,39.352314,53.838554,123.63629,167.7572,345.82422,471.648,75.379684,74.46074,73.60236,prelim
8193,2026-01-01T00:00:00,1,900897,SS05,1012.0,0.0,0.0,0.0,0.0,37.711464,55.916668,100.0,100.0,70.11458,final
8194,2026-01-11T00:00:00,1,900897,SS05,1012.0,0.0,0.0,0.0,0.0,21.634388,30.674011,100.0,100.0,74.66048,final
8195,2026-01-21T00:00:00,1,900897,SS05,1012.0,0.0,0.0009552042,0.0,0.0009552042,6.396245,9.22747,99.9809,99.9809,80.10029,final
8196,2026-02-01T00:00:00,1,900897,SS05,1012.0,0.03853755,0.03718709,0.03853755,0.038142294,2.47332,3.433465,100.02681,100.00784,88.61506,final
8197,2026-02-11T00:00:00,1,900897,SS05,1012.0,0.2055336,0.18593544,0.24407114,0.22407773,1.6926876,1.8057312,100.37791,100.382706,98.33899,final
8198,2026-02-21T00:00:00,1,900897,SS05,1012.0,0.47233203,0.49113965,0.7164032,0.7142622,1.2391304,1.226614,99.65749,100.03747,100.20101,final
8199,2026-03-01T00:00:00,1,900897,SS05,1012.0,1.3932806,1.6656127,2.0711462,2.3426878,2.1096838,2.38083,95.91437,96.30188,96.326355,final
8200,2026-03-11T00:00:00,1,900897,SS05,1012.0,6.0998025,2.0772727,7.965415,4.234025,8.209486,4.4581027,156.83728,140.40913,139.66316,final
8201,2026-03-21T00:00:00,1,900897,SS05,1012.0,9.783597,4.022464,17.27668,7.765349,17.993084,8.480566,163.85321,174.50899,170.56468,final
8202,2026-04-01T00:00:00,1,900897,SS05,1012.0,12.996047,5.543874,28.879448,11.64361,30.989132,14.02444,170.67776,203.5583,189.17314,final
8203,2026-04-11T00:00:00,1,900897,SS05,1012.0,8.613636,7.28195,31.39328,16.848288,39.602768,21.30639,110.84262,166.5727,169.55107,final
8204,2026-04-21T00:00:00,1,900897,SS05,1012.0,2.820158,11.414757,24.429842,24.24058,42.422928,32.720192,47.641026,100.64726,125.72292,final
8205,2026-05-01T00:00:00,1,900897,SS05,1012.0,12.568182,28.603195,24.001976,47.2999,54.952568,61.286198,52.281284,55.453217,90.44503,final
8206,2026-05-11T00:00:00,1,900897,SS05,1012.0,34.52174,29.42846,49.91008,69.44641,89.26878,90.528725,114.793816,73.757866,98.68108,final
8207,2026-05-21T00:00:00,1,900897,SS05,1012.0,19.811264,41.103985,66.901184,99.135635,108.60771,131.14157,53.815876,69.04571,83.44821,final
8208,2026-06-01T00:00:00,1,900897,SS05,1012.0,47.632412,43.633465,101.965416,114.16591,154.84685,173.10942,108.222626,89.76176,89.74643,final
8209,2026-06-11T00:00:00,1,900897,SS05,1012.0,34.0168,46.881588,101.46048,131.61903,182.76384,217.91374,75.20355,77.92507,84.23161,final
8210,2026-06-21T00:00:00,1,900897,SS05,1012.0,63.030632,50.4084,144.67984,140.92345,236.01086,264.29968,122.78036,102.57422,89.495415,final
8211,2026-07-01T00:00:00,1,900897,SS05,1012.0,64.86265,58.473816,161.91008,155.76381,287.87747,317.2296,110.06531,103.82317,90.89092,final
8212,2026-07-11T00:00:00,1,900897,SS05,1012.0,52.065216,60.023056,179.9585,168.90527,331.32904,369.97073,87.76151,106.35588,89.69475,final
8213,2026-07-21T00:00:00,1,900897,SS05,1012.0,65.73024,73.96677,182.65811,192.46364,394.23914,432.52274,89.569626,95.034256,91.249916,final
8214,2026-08-01T00:00:00,1,900897,SS05,1012.0,48.743084,69.20369,166.53854,203.19351,430.41403,473.12323,72.42643,82.3938,91.06733,prelim
8215,2026-08-11T00:00:00,1,900897,SS05,1012.0,48.085968,69.91001,162.5593,213.08046,443.97827,513.6048,70.866325,76.83371,86.574265,prelim
9836,2026-01-01T00:00:00,1,900898,SS06,1218.0,0.0,0.0002736727,0.0,0.0002736727,46.623154,59.69707,99.99453,99.99453,79.79211,final
9837,2026-01-11T00:00:00,1,900898,SS06,1218.0,0.0,0.0019704434,0.0,0.002244116,22.66913,29.935797,99.96061,99.95514,79.199936,final
9838,2026-01-21T00:00:00,1,900898,SS06,1218.0,0.0,0.005500821,0.0,0.007744937,8.410509,6.2434316,99.89011,99.845345,119.27418,final
9839,2026-02-01T00:00:00,1,900898,SS06,1218.0,0.0,5.4734537e-05,0.0,0.007525999,0.9441708,1.0927477,99.9989,99.84971,97.56142,final
9840,2026-02-11T00:00:00,1,900898,SS06,1218.0,0.0123152705,0.0135194305,0.0123152705,0.019074986,0.5139573,0.45331144,99.97598,99.865326,101.11209,final
9841,2026-02-21T00:00:00,1,900898,SS06,1218.0,0.3678161,0.30054733,0.38013136,0.3141215,0.6280788,0.4973454,101.26909,101.24215,102.37812,final
9842,2026-03-01T00:00:00,1,900898,SS06,1218.0,1.4868637,1.4487958,1.8669951,1.7628627,1.8669951,1.7706623,100.59031,101.539764,101.4228,final
9843,2026-03-11T00:00:00,1,900898,SS06,1218.0,4.3875203,1.9075807,6.2422,3.656924,6.2545156,3.678243,135.9017,129.86368,129.68657,final
9844,2026-03-21T00:00:00,1,900898,SS06,1218.0,6.8423643,3.4814997,12.716748,6.8378763,13.09688,7.159743,139.62584,149.66153,148.82619,final
9845,2026-04-01T00:00:00,1,900898,SS06,1218.0,15.141215,6.915134,26.371101,12.3042145,28.238094,14.074603,169.03894,181.29167,174.25313,final
9846,2026-04-11T00:00:00,1,900898,SS06,1218.0,9.091954,9.188506,31.075535,19.58514,37.330048,23.261139,99.3195,146.73715,149.78183,final
9847,2026-04-21T00:00:00,1,900898,SS06,1218.0,11.678161,13.440093,35.91133,29.543734,49.00821,36.695732,90.4451,118.43344,129.52934,final
9848,2026-05-01T00:00:00,1,900898,SS06,1218.0,12.7881775,24.50457,33.558292,47.133167,61.796387,61.200245,60.289566,73.96116,100.90052,final
9849,2026-05-11T00:00:00,1,900898,SS06,1218.0,40.931854,25.042118,65.39819,62.986782,102.71593,86.22884,152.89153,103.54688,118.07222,final
9850,2026-05-21T00:00:00,1,900898,SS06,1218.0,23.343185,34.866802,77.06322,84.41349,125.6913,120.7951,71.0947,91.77946,103.892204,final
9851,2026-06-01T00:00:00,1,900898,SS06,1218.0,43.779144,46.16686,108.054184,106.07578,167.98358,165.51317,95.33347,101.78113,101.44881,final
9852,2026-06-11T00:00:00,1,900898,SS06,1218.0,26.85468,44.76891,93.977005,125.802574,190.45073,208.3745,64.00518,75.669,91.59986,final
9853,2026-06-21T00:00:00,1,900898,SS06,1218.0,38.735634,45.819897,109.36945,136.75566,222.344,250.71289,86.06006,80.680695,88.90596,final
9854,2026-07-01T00:00:00,1,900898,SS06,1218.0,51.02627,53.99855,116.61659,144.58736,258.22906,297.7963,94.96211,81.301384,86.932724,final
9855,2026-07-11T00:00:00,1,900898,SS06,1218.0,40.263546,53.182842,130.02545,153.00128,289.40067,341.79065,77.79535,85.45845,84.89291,final
9856,2026-07-21T00:00:00,1,900898,SS06,1218.0,43.91379,63.25457,135.20361,170.43596,321.6363,391.60513,71.66376,79.91727,82.35806,final
9857,2026-08-01T00:00:00,1,900898,SS06,1218.0,56.097702,58.465652,140.27504,174.90306,364.9458,425.5662,96.26893,80.75184,85.92078,prelim
9858,2026-08-11T00:00:00,1,900898,SS06,1218.0,35.151066,61.194637,135.16255,182.91486,359.16504,461.71872,60.656063,74.588326,78.026665,prelim
11479,2026-01-01T00:00:00,1,900899,SS07,2550.0,0.07058824,0.07130719,0.31176472,0.26698038,78.56314,68.25016,99.98582,100.85028,114.07912,final
11480,2026-01-11T00:00:00,1,900899,SS07,2550.0,0.064313725,0.07197385,0.2745098,0.2396732,29.632551,34.565098,99.848976,100.66486,87.5331,final
11481,2026-01-21T00:00:00,1,900899,SS07,2550.0,0.12862745,0.12700653,0.26352942,0.27028757,14.066667,6.7375164,100.03162,99.871765,162.44208,final
11482,2026-02-01T00:00:00,1,900899,SS07,2550.0,0.16666667,0.1701438,0.35960785,0.36912417,2.1960785,1.8914249,99.93275,99.822754,104.42076,final
11483,2026-02-11T00:00:00,1,900899,SS07,2550.0,0.23490196,0.22983007,0.5301961,0.5269804,1.5760784,1.4894772,100.09698,100.05819,101.33449,final
11484,2026-02-21T00:00:00,1,900899,SS07,2550.0,0.28588235,0.32682353,0.687451,0.7267974,1.6074508,1.5712419,99.231415,99.312935,100.55102,final
11485,2026-03-01T00:00:00,1,900899,SS07,2550.0,0.96117646,1.0171111,1.4819608,1.5737647,2.1533334,2.2098694,99.07041,98.60348,99.21586,final
11486,2026-03-11T00:00:00,1,900899,SS07,2550.0,2.6109805,1.4030458,3.8580394,2.7469804,4.6627455,3.513634,118.865,114.34183,113.497314,final
11487,2026-03-21T00:00:00,1,900899,SS07,2550.0,5.9117646,2.2871764,9.483921,4.7073336,10.434902,5.704418,149.73926,149.20596,144.19188,final
11488,2026-04-01T00:00:00,1,900899,SS07,2550.0,12.50353,4.454732,21.026276,8.144955,22.867844,10.087843,185.12982,197.99442,184.70396,final
11489,2026-04-11T00:00:00,1,900899,SS07,2550.0,11.110588,5.8289804,29.525883,12.5708885,33.914116,15.84485,148.77289,196.49481,186.68457,final
11490,2026-04-21T00:00:00,1,900899,SS07,2550.0,5.3152943,10.93468,28.92941,21.218391,39.100784,26.652523,64.73487,129.41074,139.32787,final
11491,2026-05-01T00:00:00,1,900899,SS07,2550.0,34.845097,28.228523,51.27098,44.992184,73.77922,54.710903,119.91232,112.559555,131.93439,final
11492,2026-05-11T00:00:00,1,900899,SS07,2550.0,54.47255,27.432968,94.63294,66.59617,128.01686,81.91404,183.37067,139.15959,153.04416,final
11493,2026-05-21T00:00:00,1,900899,SS07,2550.0,14.59451,35.764378,103.912155,91.42587,142.32549,117.35159,48.067726,112.9491,120.411575,final
11494,2026-06-01T00:00:00,1,900899,SS07,2550.0,38.892548,33.787045,107.95961,96.98439,180.25687,150.12152,113.16291,110.761665,119.42693,final
11495,2026-06-11T00:00:00,1,900899,SS07,2550.0,29.448627,31.73902,82.935684,101.29044,207.09451,180.4575,93.76577,82.73151,114.36286,final
11496,2026-06-21T00:00:00,1,900899,SS07,2550.0,26.906666,37.448067,95.24783,102.97413,228.0894,215.6184,75.16636,92.84431,105.65275,final
11497,2026-07-01T00:00:00,1,900899,SS07,2550.0,30.520784,48.190563,86.876076,117.37765,246.10666,259.35422,66.780235,75.07587,94.98871,final
11498,2026-07-11T00:00:00,1,900899,SS07,2550.0,47.15137,48.99923,104.57883,134.63786,282.14743,302.52448,96.57799,78.47358,93.37385,final
11499,2026-07-21T00:00:00,1,900899,SS07,2550.0,65.22275,61.474915,142.8949,158.6647,342.0549,353.0647,105.63797,90.36456,96.92519,final
11500,2026-08-01T00:00:00,1,900899,SS07,2550.0,61.31608,48.309647,173.69019,158.7838,368.52585,373.14584,124.397896,109.10126,98.778244,prelim
11501,2026-08-11T00:00:00,1,900899,SS07,2550.0,38.972157,55.209385,165.51099,164.99394,353.02548,400.92224,73.03207,100.30415,88.20051,prelim
13122,2026-01-01T00:00:00,1,900900,SS08,1180.0,0.06440678,0.05926554,0.06440678,0.05926554,34.09322,61.61339,100.10162,100.10162,58.686733,final
13123,2026-01-11T00:00:00,1,900900,SS08,1180.0,0.12118644,0.12186441,0.18559322,0.18112995,15.381355,32.739067,99.98676,100.08614,54.005985,final
13124,2026-01-21T00:00:00,1,900900,SS08,1180.0,0.16525424,0.20322034,0.35084745,0.38435027,6.576271,8.337288,99.27033,99.37777,86.79629,final
13125,2026-02-01T00:00:00,1,900900,SS08,1180.0,0.06864407,0.040112995,0.35508475,0.36519775,1.4279661,2.1455932,100.56608,99.811516,89.95707,final
13126,2026-02-11T00:00:00,1,900900,SS08,1180.0,0.18898305,0.1939548,0.42288136,0.43728814,1.2093221,1.2697176,99.904274,99.73503,99.036705,final
13127,2026-02-21T00:00:00,1,900900,SS08,1180.0,1.070339,0.8444068,1.3279661,1.0784746,1.9898305,1.7396328,103.86579,104.10451,103.71233,final
13128,2026-03-01T00:00:00,1,900900,SS08,1180.0,3.2711864,2.5513277,4.5305085,3.5896893,4.95,4.0141525,109.53288,110.95289,110.38197,final
13129,2026-03-11T00:00:00,1,900900,SS08,1180.0,8.341525,3.4201696,12.68305,6.815904,13.291525,7.434322,158.44722,149.65465,147.10512,final
13130,2026-03-21T00:00:00,1,900900,SS08,1180.0,20.06695,6.9419494,31.67966,12.913446,33.358475,14.376271,209.90668,204.76048,197.96625,final
13131,2026-04-01T00:00:00,1,900900,SS08,1180.0,24.566101,12.8092375,52.974575,23.171356,57.86017,27.126244,166.01553,205.79265,195.66609,final
13132,2026-04-11T00:00:00,1,900900,SS08,1180.0,10.966102,16.785677,55.59915,36.536865,68.705086,43.79006,73.28715,145.89246,151.0658,final
13133,2026-04-21T00:00:00,1,900900,SS08,1180.0,14.983898,19.12565,50.5161,48.720566,83.52373,62.712486,82.83258,103.34237,130.73471,final
13134,2026-05-01T00:00:00,1,900900,SS08,1180.0,10.099153,30.57757,36.049152,66.4889,93.55423,93.24995,42.440094,57.42032,100.30971,final
13135,2026-05-11T00:00:00,1,900900,SS08,1180.0,43.16102,30.648954,68.244064,80.35217,136.52628,123.70494,135.09798,85.81394,109.96181,final
13136,2026-05-21T00:00:00,1,900900,SS08,1180.0,25.970339,38.866356,79.23051,100.09288,161.42627,161.7269,70.60158,80.14863,99.81969,final
13137,2026-06-01T00:00:00,1,900900,SS08,1180.0,45.09322,47.980537,114.22458,117.49585,203.2483,207.1561,94.55023,97.32948,98.15806,final
13138,2026-06-11T00:00:00,1,900900,SS08,1180.0,30.199152,50.918644,101.26271,137.76553,225.10594,254.65457,62.947075,74.431625,88.620026,final
13139,2026-06-21T00:00:00,1,900900,SS08,1180.0,57.845764,46.944237,133.13814,145.84341,262.88477,294.65686,120.986984,91.57717,89.39717,final
13140,2026-07-01T00:00:00,1,900900,SS08,1180.0,61.97288,59.904663,150.01779,157.76755,300.29153,341.7523,103.18656,95.238754,88.04312,final
13141,2026-07-11T00:00:00,1,900900,SS08,1180.0,42.21017,56.222034,162.02882,163.07094,331.53558,381.18863,77.11304,99.37996,87.1428,final
13142,2026-07-21T00:00:00,1,900900,SS08,1180.0,44.9839,67.79994,149.16695,183.92664,361.53558,429.86295,68.659256,81.60149,84.287605,final
13143,2026-08-01T00:00:00,1,900900,SS08,1180.0,58.765255,61.85839,145.95932,185.88037,410.2017,461.14377,95.373604,79.08583,89.071594,prelim
13144,2026-08-11T00:00:00,1,900900,SS08,1180.0,47.094913,60.828445,150.84407,190.48679,414.1356,491.32324,79.13739,79.72103,84.44811,prelim
14983,2026-01-01T00:00:00,1,900901,SS09,2999.0,0.14238079,0.1453818,0.14238079,0.1453818,79.622536,95.22921,99.94167,99.94167,84.429016,final
14984,2026-01-11T00:00:00,1,900901,SS09,2999.0,0.19606535,0.18855174,0.33844614,0.33393353,46.619873,57.899166,100.14481,100.0846,82.06766,final
14985,2026-01-21T00:00:00,1,900901,SS09,2999.0,0.27775925,0.29311994,0.6162054,0.62705344,20.480162,23.56231,99.70979,99.80721,89.20904,final
14986,2026-02-01T00:00:00,1,900901,SS09,2999.0,0.3244415,0.35481828,0.7982661,0.8364899,8.523842,11.89093,99.43272,99.345085,80.065704,final
14987,2026-02-11T00:00:00,1,900901,SS09,2999.0,0.5958653,0.60519063,1.198066,1.2531288,6.010003,6.8412914,99.833626,99.11943,92.979744,final
14988,2026-02-21T00:00:00,1,900901,SS09,2999.0,1.1073691,1.3468267,2.0276759,2.3068357,4.054018,4.186351,96.22713,96.17947,98.55946,final
14989,2026-03-01T00:00:00,1,900901,SS09,2999.0,2.7055686,4.0746584,4.408803,6.0266757,5.34945,7.0085473,84.91304,85.327644,86.18404,final
14990,2026-03-11T00:00:00,1,900901,SS09,2999.0,15.112704,5.3583975,18.925642,10.779882,20.462154,12.366944,194.16812,151.62117,146.61275,final
14991,2026-03-21T00:00:00,1,900901,SS09,2999.0,23.322775,8.829721,41.14105,18.262777,43.784927,21.196667,204.79643,198.34712,186.22571,final
14992,2026-04-01T00:00:00,1,900901,SS09,2999.0,19.345448,11.945148,57.780926,26.133266,62.987995,32.996433,143.67209,201.65224,178.93256,final
14993,2026-04-11T00:00:00,1,900901,SS09,2999.0,14.813604,15.014594,57.481827,35.789463,77.60553,47.822475,98.99578,153.18129,156.3833,final
14994,2026-04-21T00:00:00,1,900901,SS09,2999.0,12.349116,18.696955,46.508167,45.656696,89.67689,66.22631,73.21243,101.68086,132.92403,final
14995,2026-05-01T00:00:00,1,900901,SS09,2999.0,26.304102,36.518215,53.46682,70.22977,115.65655,102.38971,75.398476,77.71767,112.35392,final
14996,2026-05-11T00:00:00,1,900901,SS09,2999.0,44.33278,36.644382,82.98599,91.85955,159.39346,138.4289,118.46203,90.83874,114.61671,final
14997,2026-05-21T00:00:00,1,900901,SS09,2999.0,21.944649,48.443638,92.58153,121.60623,180.23074,185.52571,50.416946,77.07482,97.22086,final
14998,2026-06-01T00:00:00,1,900901,SS09,2999.0,63.033344,55.960197,129.31078,141.04822,240.55852,237.41125,111.60289,91.96331,101.29832,final
14999,2026-06-11T00:00:00,1,900901,SS09,2999.0,53.517506,59.588306,138.4955,163.99214,278.96332,291.64114,90.60078,84.91253,95.72621,final
15000,2026-06-21T00:00:00,1,900901,SS09,2999.0,71.42014,57.59221,187.971,173.14072,327.06067,340.40366,122.0921,108.32504,96.136986,final
15001,2026-07-01T00:00:00,1,900901,SS09,2999.0,74.105034,74.74115,199.0427,191.92166,381.82028,403.19965,99.20228,103.61618,94.76252,final
15002,2026-07-11T00:00:00,1,900901,SS09,2999.0,55.194733,72.373245,200.71991,204.7066,422.20142,460.5583,77.79787,98.098915,91.7611,final
15003,2026-07-21T00:00:00,1,900901,SS09,2999.0,80.92431,84.4082,210.22409,231.5226,490.7766,526.26953,96.10338,90.99515,93.31923,final
15004,2026-08-01T00:00:00,1,900901,SS09,2999.0,60.12971,78.72373,196.24876,235.50517,524.60223,568.47504,77.79122,83.67752,92.34966,prelim
15005,2026-08-11T00:00:00,1,900901,SS09,2999.0,53.129375,75.20454,194.1834,238.33647,533.3988,607.0352,72.47642,81.85513,87.9686,prelim
16626,2026-01-01T00:00:00,1,900902,SS10,2576.0,1.314441,1.4817417,4.334627,3.1880693,167.31133,170.79587,97.418884,114.002785,98.017845,final
16627,2026-01-11T00:00:00,1,900902,SS10,2576.0,0.95302796,1.5783644,4.70691,3.9214544,97.84548,112.97174,90.49404,108.804115,87.17806,final
16628,2026-01-21T00:00:00,1,900902,SS10,2576.0,2.4642856,2.778623,4.7317543,5.8387294,48.6844,54.964725,95.95896,89.78685,89.52663,final
16629,2026-02-01T00:00:00,1,900902,SS10,2576.0,4.175854,2.950013,7.593168,7.3070006,25.161491,35.648163,115.41935,102.32523,74.20136,final
16630,2026-02-11T00:00:00,1,900902,SS10,2576.0,7.967003,4.0711827,14.607142,9.799819,27.239906,26.670147,142.94722,132.48232,101.79905,final
16631,2026-02-21T00:00:00,1,900902,SS10,2576.0,4.8253107,5.6041665,16.968166,12.625362,28.626942,23.816135,92.6552,124.63951,116.69483,final
16632,2026-03-01T00:00:00,1,900902,SS10,2576.0,3.9440994,14.599936,16.736412,24.275284,28.664207,34.770355,45.63331,74.24834,84.646484,final
16633,2026-03-11T00:00:00,1,900902,SS10,2576.0,34.835793,18.583048,43.6052,38.78715,62.919254,52.508423,168.91707,111.00334,118.103134,final
16634,2026-03-21T00:00:00,1,900902,SS10,2576.0,52.25427,22.364311,91.034164,55.547295,112.734085,74.01139,209.2297,158.61017,149.009,final
16635,2026-04-01T00:00:00,1,900902,SS10,2576.0,24.279116,34.06304,111.36917,75.01041,135.69876,106.59269,74.9535,145.44255,126.08242,final
16636,2026-04-11T00:00:00,1,900902,SS10,2576.0,25.196428,41.8331,101.72981,98.26045,159.94215,146.84743,64.476685,103.35982,108.62361,final
16637,2026-04-21T00:00:00,1,900902,SS10,2576.0,44.462345,43.0662,93.93789,118.96234,201.94022,187.13501,102.90463,79.81286,107.70563,final
16638,2026-05-01T00:00:00,1,900902,SS10,2576.0,44.272903,55.083397,113.93168,139.9827,242.03726,239.26839,82.00752,82.03164,101.13354,final
16639,2026-05-11T00:00:00,1,900902,SS10,2576.0,61.37694,55.183334,150.11218,153.33293,295.4472,290.38055,110.29123,97.965836,101.715294,final
16640,2026-05-21T00:00:00,1,900902,SS10,2576.0,41.205746,60.396767,146.85559,170.6635,331.82764,345.17313,70.65448,86.44687,96.18889,final
16641,2026-06-01T00:00:00,1,900902,SS10,2576.0,65.21661,62.153545,167.7993,177.73364,393.10016,392.72675,104.56128,94.563484,100.09389,final
16642,2026-06-11T00:00:00,1,900902,SS10,2576.0,39.488354,69.45685,145.91072,192.00716,397.7527,443.60052,59.750523,76.60164,89.77981,final
16643,2026-06-21T00:00:00,1,900902,SS10,2576.0,52.1941,60.8989,156.89908,192.5093,397.6925,482.13513,86.79068,81.97036,82.66546,final
16644,2026-07-01T00:00:00,1,900902,SS10,2576.0,61.55668,56.368828,153.23914,186.72458,434.9701,504.44092,108.45356,82.534615,86.36332,final
16645,2026-07-11T00:00:00,1,900902,SS10,2576.0,39.108307,55.99235,152.85909,173.26009,448.88196,518.60016,72.317764,88.55549,86.68484,final
16646,2026-07-21T00:00:00,1,900902,SS10,2576.0,48.474766,62.360455,149.13976,174.72163,452.8944,537.8944,79.38599,85.76583,84.343185,final
16647,2026-08-01T00:00:00,1,900902,SS10,2576.0,51.046196,64.74767,138.62927,183.10048,459.6677,547.5587,80.35565,76.35774,84.09382,prelim
16648,2026-08-11T00:00:00,1,900902,SS10,2576.0,45.246117,64.38333,144.76709,191.49146,443.5369,556.75867,72.41814,76.220665,79.84512,prelim
18051,2026-01-01T00:00:00,2,1009946,SS0601,78.0,0.0,0.0,0.0,0.0,32.076923,62.05,100.0,100.0,55.297424,final
18052,2026-01-11T00:00:00,2,1009946,SS0601,78.0,0.0,0.0,0.0,0.0,14.128204,29.93718,100.0,100.0,54.750282,final
18053,2026-01-21T00:00:00,2,1009946,SS0601,78.0,0.0,0.0,0.0,0.0,4.205128,4.3444443,100.0,100.0,98.509094,final
18054,2026-02-01T00:00:00,2,1009946,SS0601,78.0,0.0,0.0,0.0,0.0,0.0,0.003846154,100.0,100.0,99.923134,final
18055,2026-02-11T00:00:00,2,1009946,SS0601,78.0,0.0,0.0,0.0,0.0,0.0,0.0,100.0,100.0,100.0,final
18056,2026-02-21T00:00:00,2,1009946,SS0601,78.0,0.5897436,0.12179487,0.5897436,0.12179487,0.5897436,0.12179487,109.13643,109.13643,109.13643,final
18057,2026-03-01T00:00:00,2,1009946,SS0601,78.0,1.1153846,1.4226496,1.7051282,1.5444444,1.7051282,1.5444444,95.21592,102.45527,102.45527,final
18058,2026-03-11T00:00:00,2,1009946,SS0601,78.0,4.5897436,1.8388889,6.294872,3.3833334,6.294872,3.3833334,140.22371,134.73009,134.73009,final
18059,2026-03-21T00:00:00,2,1009946,SS0601,78.0,5.730769,3.2957265,11.435898,6.557265,12.0256405,6.67906,129.35298,142.2127,145.7792,final
18060,2026-04-01T00:00:00,2,1009946,SS0601,78.0,11.256411,3.2837608,21.576923,8.418376,23.282051,9.962821,196.24432,198.06363,189.0155,final
18061,2026-04-11T00:00:00,2,1009946,SS0601,78.0,7.0384617,4.591453,24.02564,11.17094,30.320513,14.554274,125.51238,179.4926,180.62808,final
18062,2026-04-21T00:00:00,2,1009946,SS0601,78.0,4.0,8.846154,22.294872,16.721367,34.32051,23.400427,65.0,125.659096,138.45042,final
18063,2026-05-01T00:00:00,2,1009946,SS0601,78.0,11.820513,22.252136,22.858974,35.689743,46.14102,45.652565,61.721813,68.46683,100.96433,final
18064,2026-05-11T00:00:00,2,1009946,SS0601,78.0,40.94872,23.301283,56.769234,54.39957,87.08974,68.95385,162.3556,103.989365,124.52325,final
18065,2026-05-21T00:00:00,2,1009946,SS0601,78.0,23.589743,35.05,76.35898,80.60342,110.089745,103.88205,71.385124,95.04174,105.7013,final
18066,2026-06-01T00:00:00,2,1009946,SS0601,78.0,65.17949,43.61966,129.71796,101.97094,174.15384,146.07906,144.34386,125.938835,118.58285,final
18067,2026-06-11T00:00:00,2,1009946,SS0601,78.0,30.461538,44.644444,119.230774,123.3141,200.02565,188.88461,71.43104,96.81771,105.74622,final
18068,2026-06-21T00:00:00,2,1009946,SS0601,78.0,33.192307,46.136326,128.83334,134.40042,227.48718,231.72522,74.68723,96.00641,98.209724,final
18069,2026-07-01T00:00:00,2,1009946,SS0601,78.0,45.846153,50.444016,109.5,141.2248,262.07693,278.88547,91.7072,78.30409,94.07912,final
18070,2026-07-11T00:00:00,2,1009946,SS0601,78.0,36.525642,50.02308,115.5641,146.60342,291.5641,324.3171,75.4695,79.52598,90.05426,final
18071,2026-07-21T00:00:00,2,1009946,SS0601,78.0,41.076923,63.005127,123.448715,163.47223,328.64102,378.47607,67.75507,76.243256,87.004395,final
18072,2026-08-01T00:00:00,2,1009946,SS0601,78.0,56.923077,63.45641,134.52565,176.48462,373.7436,419.68036,90.456215,76.88015,89.18321,prelim
18073,2026-08-11T00:00:00,2,1009946,SS0601,78.0,42.846153,67.1688,140.84616,193.63034,375.64102,463.54785,66.29756,73.42593,81.23846,prelim
19694,2026-01-01T00:00:00,2,1009947,SS0301,299.0,0.28093645,0.37045708,1.3277593,1.2693423,68.52175,80.355965,98.333084,100.931786,86.13546,final
19695,2026-01-11T00:00:00,2,1009947,SS0301,299.0,0.22408026,0.31047937,1.0468228,1.1049052,38.311035,51.14883,98.37305,99.04859,77.13613,final
19696,2026-01-21T00:00:00,2,1009947,SS0301,299.0,0.41137123,0.55083615,0.9163879,1.2317725,22.207357,25.172575,97.487495,94.93909,90.17248,final
19697,2026-02-01T00:00:00,2,1009947,SS0301,299.0,0.50167227,0.4934225,1.1371238,1.354738,10.494982,12.949498,100.15018,96.57556,86.32544,final
19698,2026-02-11T00:00:00,2,1009947,SS0301,299.0,0.74916387,0.7851728,1.6622074,1.8294314,8.545151,8.455741,99.37756,97.55142,100.664474,final
19699,2026-02-21T00:00:00,2,1009947,SS0301,299.0,1.2809365,1.341583,2.5317726,2.6201785,6.247492,6.4013376,99.04366,98.83985,98.650635,final
19700,2026-03-01T00:00:00,2,1009947,SS0301,299.0,3.5785954,4.155184,5.608696,6.28194,8.073579,8.90602,93.70206,94.03255,94.0138,final
19701,2026-03-11T00:00:00,2,1009947,SS0301,299.0,11.22408,4.969677,16.083612,10.466444,18.792643,13.400781,162.73425,136.31842,129.30235,final
19702,2026-03-21T00:00:00,2,1009947,SS0301,299.0,25.301003,8.374248,40.103676,17.499107,43.551838,21.351059,226.56229,200.46873,184.25005,final
19703,2026-04-01T00:00:00,2,1009947,SS0301,299.0,35.304348,13.7457075,71.82943,27.089632,78.57526,34.72631,215.00574,239.42137,210.3776,final
19704,2026-04-11T00:00:00,2,1009947,SS0301,299.0,15.809364,18.238907,76.41472,40.358864,94.16053,52.65474,89.54537,179.4902,171.99025,final
19705,2026-04-21T00:00:00,2,1009947,SS0301,299.0,21.889631,25.263433,73.00334,57.248047,115.6388,77.36733,88.85189,125.3105,146.46439,final
19706,2026-05-01T00:00:00,2,1009947,SS0301,299.0,42.424747,35.531773,80.12375,79.03411,157.56187,112.405685,117.00635,101.29666,138.46167,final
19707,2026-05-11T00:00:00,2,1009947,SS0301,299.0,62.183945,34.768562,126.49832,95.56377,218.99666,146.38907,168.93733,130.76114,147.96092,final
19708,2026-05-21T00:00:00,2,1009947,SS0301,299.0,18.18729,40.37659,122.795975,110.676926,235.903,185.42409,51.099674,110.47664,126.508675,final
19709,2026-06-01T00:00:00,2,1009947,SS0301,299.0,39.575253,42.31884,119.94649,117.46399,271.89966,223.58774,94.20191,102.02713,121.134964,final
19710,2026-06-11T00:00:00,2,1009947,SS0301,299.0,24.695652,38.948494,82.45819,121.64393,285.37122,257.56656,67.569214,69.058334,110.58956,final
19711,2026-06-21T00:00:00,2,1009947,SS0301,299.0,31.23077,43.38796,95.50168,124.6553,291.301,292.58026,74.875595,77.51451,99.570114,final
19712,2026-07-01T00:00:00,2,1009947,SS0301,299.0,39.167225,56.111706,95.09364,138.44817,295.16388,334.94626,72.27294,69.77688,88.29745,final
19713,2026-07-11T00:00:00,2,1009947,SS0301,299.0,53.632107,56.863655,124.030106,156.36333,332.98663,373.571,94.77634,79.96247,89.27959,final
19714,2026-07-21T00:00:00,2,1009947,SS0301,299.0,64.561874,71.05786,157.3612,184.03322,375.65887,419.36545,91.45915,85.890305,89.70072,final
19715,2026-08-01T00:00:00,2,1009947,SS0301,299.0,63.311035,53.104126,181.50502,181.02565,396.54517,436.9378,117.56659,100.2577,90.86011,prelim
19716,2026-08-11T00:00:00,2,1009947,SS0301,299.0,25.698997,58.71728,153.5719,182.87926,360.0602,460.8865,48.180016,84.40096,78.358185,prelim
21337,2026-01-01T00:00:00,2,1009948,SS0501,368.0,0.0,0.0,0.0,0.0,62.720108,83.427536,100.0,100.0,76.5826,final
21338,2026-01-11T00:00:00,2,1009948,SS0501,368.0,0.0,0.0,0.0,0.0,41.423912,47.609962,100.0,100.0,88.24167,final
21339,2026-01-21T00:00:00,2,1009948,SS0501,368.0,0.0,0.002536232,0.0,0.002536232,12.133152,16.58895,99.9493,99.9493,79.36075,final
21340,2026-02-01T00:00:00,2,1009948,SS0501,368.0,0.06521739,0.06041667,0.06521739,0.0629529,4.9103265,6.885507,100.094864,100.04472,83.3816,final
21341,2026-02-11T00:00:00,2,1009948,SS0501,368.0,0.39402175,0.34701088,0.45923913,0.40996376,3.4130437,3.6303442,100.8792,100.91083,97.48213,final
21342,2026-02-21T00:00:00,2,1009948,SS0501,368.0,0.875,0.9033514,1.3342391,1.310779,2.396739,2.3393116,99.519745,100.37174,100.78246,final
21343,2026-03-01T00:00:00,2,1009948,SS0501,368.0,2.3179348,2.8363225,3.5869565,4.0866847,3.652174,4.1496377,93.38481,94.50042,94.56303,final
21344,2026-03-11T00:00:00,2,1009948,SS0501,368.0,10.75,3.5043478,13.942935,7.244022,14.402174,7.6539855,185.19939,154.71172,153.32857,final
21345,2026-03-21T00:00:00,2,1009948,SS0501,368.0,13.888587,6.6421194,26.956522,12.98279,28.29076,14.296105,162.24356,177.70613,172.52582,final
21346,2026-04-01T00:00:00,2,1009948,SS0501,368.0,18.589674,8.724457,43.228264,18.870924,46.880432,23.020561,171.88057,202.03769,185.15129,final
21347,2026-04-11T00:00:00,2,1009948,SS0501,368.0,13.086957,11.443841,45.565216,26.810417,59.96739,34.4644,109.99229,158.95804,164.62277,final
21348,2026-04-21T00:00:00,2,1009948,SS0501,368.0,3.4809783,16.110054,35.15761,36.27835,63.448368,50.571922,40.175064,97.28493,123.17077,final
21349,2026-05-01T00:00:00,2,1009948,SS0501,368.0,18.94837,33.179527,35.516304,60.733425,82.33152,83.69103,62.725685,61.637287,98.46713,final
21350,2026-05-11T00:00:00,2,1009948,SS0501,368.0,37.247284,33.51096,59.676632,82.800545,119.184784,116.85498,109.70198,73.66314,101.91195,final
21351,2026-05-21T00:00:00,2,1009948,SS0501,368.0,19.442934,44.35915,75.63859,111.04964,137.75272,160.31078,49.520573,69.48629,86.35415,final
21352,2026-06-01T00:00:00,2,1009948,SS0501,368.0,51.95924,48.40181,108.64946,126.27192,187.39403,205.87627,106.66163,86.57561,91.235504,final
21353,2026-06-11T00:00:00,2,1009948,SS0501,368.0,37.529892,51.87509,108.93207,144.63605,214.17392,254.24701,74.77771,76.13945,84.5425,final
21354,2026-06-21T00:00:00,2,1009948,SS0501,368.0,70.01902,53.629436,159.50815,153.90634,270.30435,301.2343,127.95453,103.52522,89.8999,final
21355,2026-07-01T00:00:00,2,1009948,SS0501,368.0,70.03804,61.689854,177.58694,167.19438,321.7527,354.19974,112.51793,106.03536,90.96685,final
21356,2026-07-11T00:00:00,2,1009948,SS0501,368.0,55.625,60.12065,195.68207,175.43994,364.29077,402.87653,93.09643,111.2182,90.53984,final
21357,2026-07-21T00:00:00,2,1009948,SS0501,368.0,65.08696,76.24701,190.75,198.05751,425.89673,463.0135,86.26405,96.40126,92.0693,final
21358,2026-08-01T00:00:00,2,1009948,SS0501,368.0,60.027172,74.74946,180.73914,211.11713,466.97552,504.5834,81.53933,85.94373,92.61988,prelim
21359,2026-08-11T00:00:00,2,1009948,SS0501,368.0,49.282608,72.58288,174.39674,223.57935,479.01086,543.65533,69.967255,78.48335,88.21765,prelim
22980,2026-01-01T00:00:00,2,1009949,SS0502,207.0,0.0,0.0,0.0,0.0,27.84058,46.019646,100.0,100.0,64.3685,final
22981,2026-01-11T00:00:00,2,1009949,SS0502,207.0,0.0,0.0,0.0,0.0,11.516908,22.347343,100.0,100.0,60.396748,final
22982,2026-01-21T00:00:00,2,1009949,SS0502,207.0,0.0,0.00016103059,0.0,0.00016103059,2.357488,2.9719806,99.99677,99.99677,92.29185,final
22983,2026-02-01T00:00:00,2,1009949,SS0502,207.0,0.0,0.00048309178,0.0,0.00064412237,0.0,0.001610306,99.99034,99.98712,99.967804,final
22984,2026-02-11T00:00:00,2,1009949,SS0502,207.0,0.0,0.0,0.0,0.00064412237,0.0,0.00064412237,100.0,99.98712,99.98712,final
22985,2026-02-21T00:00:00,2,1009949,SS0502,207.0,0.0,0.04798712,0.0,0.04847021,0.0,0.04863124,99.049385,99.03991,99.03675,final
22986,2026-03-01T00:00:00,2,1009949,SS0502,207.0,0.95652175,1.0355878,0.95652175,1.0835749,0.95652175,1.084219,98.69001,97.911545,97.90118,final
22987,2026-03-11T00:00:00,2,1009949,SS0502,207.0,3.0917873,1.2542673,4.0483093,2.3378422,4.0483093,2.3384862,129.38026,123.31022,123.29939,final
22988,2026-03-21T00:00:00,2,1009949,SS0502,207.0,6.7004833,2.3294685,10.748793,4.6193237,10.748793,4.667955,159.63617,163.72037,162.89682,final
22989,2026-04-01T00:00:00,2,1009949,SS0502,207.0,10.004831,3.6819646,19.797102,7.2657003,20.753624,8.349919,172.8276,202.16623,192.91222,final
22990,2026-04-11T00:00:00,2,1009949,SS0502,207.0,6.521739,4.780032,23.227055,10.791466,27.275364,13.1299515,117.80881,178.7488,178.02234,final
22991,2026-04-21T00:00:00,2,1009949,SS0502,207.0,2.6570048,8.146377,19.183575,16.608374,29.93237,21.276167,58.24422,111.9176,132.94316,final
22992,2026-05-01T00:00:00,2,1009949,SS0502,207.0,8.285024,23.746376,17.463768,36.672787,38.217392,45.02206,46.214603,53.905125,86.39667,final
22993,2026-05-11T00:00:00,2,1009949,SS0502,207.0,33.68116,24.543156,44.623188,56.43591,71.89855,69.565216,130.93103,80.772285,103.12926,final
22994,2026-05-21T00:00:00,2,1009949,SS0502,207.0,22.971014,36.66264,64.937195,84.95217,94.86957,106.17987,67.13692,77.74931,89.82703,final
22995,2026-06-01T00:00:00,2,1009949,SS0502,207.0,47.705315,39.804832,104.35749,101.01063,141.61836,144.94911,117.6331,103.157104,97.77875,final
22996,2026-06-11T00:00:00,2,1009949,SS0502,207.0,28.0,44.141224,98.67633,120.608696,166.52658,187.83607,67.1534,82.53914,88.949425,final
22997,2026-06-21T00:00:00,2,1009949,SS0502,207.0,55.536232,47.083576,131.24155,131.02963,215.3623,232.59018,116.22902,100.155785,92.74891,final
22998,2026-07-01T00:00:00,2,1009949,SS0502,207.0,53.444443,53.98229,136.98068,145.20709,258.80194,282.8905,99.08813,94.523285,91.63274,final
22999,2026-07-11T00:00:00,2,1009949,SS0502,207.0,47.961353,55.536713,156.94203,156.60257,300.24155,333.6472,87.486336,100.21006,90.13556,final
23000,2026-07-21T00:00:00,2,1009949,SS0502,207.0,57.7343,68.476006,159.14009,177.99501,355.31885,393.9768,85.38066,89.69649,90.31072,final
23001,2026-08-01T00:00:00,2,1009949,SS0502,207.0,40.391304,60.338646,146.08694,184.35136,387.4251,430.5691,69.47083,79.79185,90.094795,prelim
23002,2026-08-11T00:00:00,2,1009949,SS0502,207.0,45.560387,63.079872,143.68599,191.89453,399.30435,469.1058,74.26628,75.51555,85.277245,prelim
24623,2026-01-01T00:00:00,2,1009950,SS0503,212.0,0.0,0.0,0.0,0.0,19.075472,32.800472,100.0,100.0,63.69093,final
24624,2026-01-11T00:00:00,2,1009950,SS0503,212.0,0.0,0.0,0.0,0.0,7.0471697,17.666824,100.0,100.0,53.148907,final
24625,2026-01-21T00:00:00,2,1009950,SS0503,212.0,0.0,0.0,0.0,0.0,2.5141509,4.9106917,100.0,100.0,75.81863,final
24626,2026-02-01T00:00:00,2,1009950,SS0503,212.0,0.04245283,0.04638365,0.04245283,0.04638365,1.3066037,1.7094339,99.922104,99.922104,93.996056,final
24627,2026-02-11T00:00:00,2,1009950,SS0503,212.0,0.1981132,0.18883647,0.24056603,0.23522012,0.9103773,0.96713835,100.17879,100.10213,99.048775,final
24628,2026-02-21T00:00:00,2,1009950,SS0503,212.0,0.25943395,0.30990565,0.5,0.5451258,0.75,0.7971698,99.04948,99.1862,99.18633,final
24629,2026-03-01T00:00:00,2,1009950,SS0503,212.0,0.6603774,0.7254717,1.1179246,1.2242138,1.1603774,1.2705975,98.86308,98.292336,98.24227,final
24630,2026-03-11T00:00:00,2,1009950,SS0503,212.0,2.54717,0.9279874,3.4669814,1.9633647,3.7075472,2.198585,127.3142,121.59326,120.96193,final
24631,2026-03-21T00:00:00,2,1009950,SS0503,212.0,6.0,1.741195,9.207547,3.394654,9.707547,3.93978,163.17583,169.24518,164.518,final
24632,2026-04-01T00:00:00,2,1009950,SS0503,212.0,5.773585,2.2962265,14.320755,4.965409,15.4811325,6.2360063,147.65967,193.8782,182.28125,final
24633,2026-04-11T00:00:00,2,1009950,SS0503,212.0,4.438679,3.0034592,16.212263,7.0408807,19.919811,9.239466,117.932495,176.1687,175.00525,final
24634,2026-04-21T00:00:00,2,1009950,SS0503,212.0,1.9575472,6.8908806,12.169811,12.190566,21.877357,16.130346,58.51162,99.87926,127.19791,final
24635,2026-05-01T00:00:00,2,1009950,SS0503,212.0,8.4103775,23.341667,14.806604,33.236008,30.245281,39.42563,47.316826,51.800926,79.33547,final
24636,2026-05-11T00:00:00,2,1009950,SS0503,212.0,28.787735,25.092768,39.15566,55.325314,58.834904,64.32956,112.278595,73.19591,92.074585,final
24637,2026-05-21T00:00:00,2,1009950,SS0503,212.0,15.891509,37.57091,53.089622,86.00535,74.46698,101.59057,49.074615,63.831,74.55348,final
24638,2026-06-01T00:00:00,2,1009950,SS0503,212.0,43.646225,39.700787,88.32547,102.36446,117.45283,140.56589,108.826324,86.92399,84.121925,final
24639,2026-06-11T00:00:00,2,1009950,SS0503,212.0,33.81132,42.646698,93.34906,119.918396,148.71698,182.28459,81.456474,78.73065,82.07668,final
24640,2026-06-21T00:00:00,2,1009950,SS0503,212.0,59.816036,48.543396,137.27359,130.89088,202.53302,229.08679,121.05329,104.69693,88.65644,final
24641,2026-07-01T00:00:00,2,1009950,SS0503,212.0,63.962265,58.501728,157.58963,149.69182,260.72168,285.2923,108.59903,105.10552,91.535904,final
24642,2026-07-11T00:00:00,2,1009950,SS0503,212.0,52.09434,64.150314,175.87265,171.19543,308.37735,346.43915,82.56556,102.654564,89.16973,final
24643,2026-07-21T00:00:00,2,1009950,SS0503,212.0,75.04717,76.39732,191.10379,199.04938,381.46698,415.9456,98.341286,96.10605,91.80925,final
24644,2026-08-01T00:00:00,2,1009950,SS0503,212.0,39.36321,70.092766,166.50471,210.64041,412.41983,462.69672,59.07787,79.53274,89.250114,prelim
24645,2026-08-11T00:00:00,2,1009950,SS0503,212.0,48.268867,72.017296,162.67926,218.50739,431.90097,509.62122,69.16481,75.0218,84.89758,prelim
26266,2026-01-01T00:00:00,2,1009951,SS0504,65.0,0.0,0.0,0.0,0.0,22.153847,42.456924,100.0,100.0,57.217884,final
26267,2026-01-11T00:00:00,2,1009951,SS0504,65.0,0.0,0.0,0.0,0.0,12.2615385,21.696924,100.0,100.0,64.65741,final
26268,2026-01-21T00:00:00,2,1009951,SS0504,65.0,0.0,0.0,0.0,0.0,2.7692308,4.8046155,100.0,100.0,79.24055,final
26269,2026-02-01T00:00:00,2,1009951,SS0504,65.0,0.0,0.0,0.0,0.0,0.75384617,0.99076927,100.0,100.0,96.0452,final
26270,2026-02-11T00:00:00,2,1009951,SS0504,65.0,0.0,0.0,0.0,0.0,0.41538462,0.40615386,100.0,100.0,100.17075,final
26271,2026-02-21T00:00:00,2,1009951,SS0504,65.0,0.52307695,0.4020513,0.52307695,0.4020513,0.7076923,0.5435898,102.24036,102.24036,102.96022,final
26272,2026-03-01T00:00:00,2,1009951,SS0504,65.0,1.2461538,1.5820513,1.7692308,1.9841026,1.7692308,1.9841026,94.89677,96.923416,96.923416,final
26273,2026-03-11T00:00:00,2,1009951,SS0504,65.0,5.6153846,1.9902564,7.3846154,3.974359,7.3846154,3.974359,151.85974,137.99998,137.99998,final
26274,2026-03-21T00:00:00,2,1009951,SS0504,65.0,7.476923,4.343077,14.338461,7.915385,14.861538,8.317436,133.5419,149.73198,149.13936,final
26275,2026-04-01T00:00:00,2,1009951,SS0504,65.0,19.107693,7.253333,32.2,13.586667,33.96923,15.570769,196.74396,200.14348,189.43982,final
26276,2026-04-11T00:00:00,2,1009951,SS0504,65.0,6.415385,9.873333,33.0,21.469744,40.384617,25.444103,76.75068,143.56013,149.07524,final
26277,2026-04-21T00:00:00,2,1009951,SS0504,65.0,3.9538462,13.118462,29.476923,30.245129,44.338463,38.562565,49.418358,97.82039,113.258865,final
26278,2026-05-01T00:00:00,2,1009951,SS0504,65.0,10.676923,31.567692,21.046154,54.559486,55.015385,70.13026,42.870964,43.731327,79.881775,final
26279,2026-05-11T00:00:00,2,1009951,SS0504,65.0,42.446156,31.679487,57.076923,76.36564,97.46154,101.809746,129.35336,76.293785,95.92902,final
26280,2026-05-21T00:00:00,2,1009951,SS0504,65.0,28.446154,42.515896,81.56923,105.76308,125.38461,143.92358,70.3894,78.15712,87.55135,final
26281,2026-06-01T00:00:00,2,1009951,SS0504,65.0,40.076923,43.6359,110.96924,117.83128,164.21538,185.97743,92.68241,94.41344,88.60491,final
26282,2026-06-11T00:00:00,2,1009951,SS0504,65.0,31.36923,45.684616,99.89231,131.83641,189.96922,229.6718,71.75596,76.655266,83.08166,final
26283,2026-06-21T00:00:00,2,1009951,SS0504,65.0,58.523075,47.96872,129.96922,137.28923,241.01538,273.29742,119.925644,94.85554,88.40017,final
26284,2026-07-01T00:00:00,2,1009951,SS0504,65.0,59.6,57.804104,149.49231,151.45744,281.5077,323.8482,102.85952,98.74398,87.1246,final
26285,2026-07-11T00:00:00,2,1009951,SS0504,65.0,48.615383,56.400513,166.73846,162.17334,323.7077,370.3754,87.32074,102.730774,87.567726,final
26286,2026-07-21T00:00:00,2,1009951,SS0504,65.0,53.06154,69.35487,161.27692,183.5595,372.81537,426.6118,78.08707,88.18274,87.53593,final
26287,2026-08-01T00:00:00,2,1009951,SS0504,65.0,52.692307,64.72615,154.36923,190.48154,414.8308,459.77026,82.74128,81.52649,90.330826,prelim
26288,2026-08-11T00:00:00,2,1009951,SS0504,65.0,49.184616,64.76615,154.93846,198.84718,421.56927,492.85693,77.66605,78.45998,85.68109,prelim
27909,2026-01-01T00:00:00,2,1009952,SS0505,160.0,0.0,0.0,0.0,0.0,23.975,41.54292,100.0,100.0,62.254368,final
27910,2026-01-11T00:00:00,2,1009952,SS0505,160.0,0.0,0.0,0.0,0.0,12.34375,23.375416,100.0,100.0,61.12245,final
27911,2026-01-21T00:00:00,2,1009952,SS0505,160.0,0.0,0.0,0.0,0.0,5.04375,7.905625,100.0,100.0,77.82459,final
27912,2026-02-01T00:00:00,2,1009952,SS0505,160.0,0.0375,0.034166668,0.0375,0.034166668,2.3124998,3.2104168,100.06621,100.06621,89.06368,final
27913,2026-02-11T00:00:00,2,1009952,SS0505,160.0,0.13125,0.12770833,0.16874999,0.161875,1.48125,1.6241667,100.06907,100.133194,97.8425,final
27914,2026-02-21T00:00:00,2,1009952,SS0505,160.0,0.41875,0.39270833,0.5875,0.5545833,1.04375,1.0379167,100.4829,100.5926,100.0966,final
27915,2026-03-01T00:00:00,2,1009952,SS0505,160.0,0.8625,1.0677084,1.4124999,1.588125,1.45,1.6222917,96.61803,97.33421,97.39831,final
27916,2026-03-11T00:00:00,2,1009952,SS0505,160.0,4.2,1.4179167,5.48125,2.8783333,5.6499996,3.0402083,143.3487,133.03893,132.45924,final
27917,2026-03-21T00:00:00,2,1009952,SS0505,160.0,10.28125,3.08,15.34375,5.5656247,15.93125,6.1202083,189.12437,192.5466,188.22713,final
27918,2026-04-01T00:00:00,2,1009952,SS0505,160.0,11.0875,4.246042,25.568748,8.743958,27.01875,10.36625,173.99336,222.4159,208.37062,final
27919,2026-04-11T00:00:00,2,1009952,SS0505,160.0,7.45625,5.5627084,28.825,12.88875,34.475,15.928958,117.92667,189.08531,188.61424,final
27920,2026-04-21T00:00:00,2,1009952,SS0505,160.0,2.19375,10.146042,20.737501,19.954792,36.668747,26.075,47.495907,103.136505,134.0909,final
27921,2026-05-01T00:00:00,2,1009952,SS0505,160.0,9.7125,30.128334,19.3625,45.837082,46.34375,56.169167,41.882145,47.922695,83.9373,final
27922,2026-05-11T00:00:00,2,1009952,SS0505,160.0,33.71875,31.189375,45.625,71.46375,79.931244,87.230835,106.989265,66.20785,92.085526,final
27923,2026-05-21T00:00:00,2,1009952,SS0505,160.0,18.25625,43.470833,61.6875,104.78854,97.768745,130.30896,47.979885,60.741764,75.95118,final
27924,2026-06-01T00:00:00,2,1009952,SS0505,160.0,45.9375,42.829376,97.9125,117.489586,142.84375,172.07062,106.49836,84.01735,83.494225,final
27925,2026-06-11T00:00:00,2,1009952,SS0505,160.0,35.06875,45.039375,99.2625,131.33958,173.7125,215.69208,80.07443,76.47265,80.97821,final
27926,2026-06-21T00:00:00,2,1009952,SS0505,160.0,62.74375,50.76375,143.75,138.6325,226.17499,263.37582,121.48349,103.562904,86.13853,final
27927,2026-07-01T00:00:00,2,1009952,SS0505,160.0,71.0625,57.122917,168.875,152.92604,286.15,316.25272,122.43872,110.09901,90.629585,final
27928,2026-07-11T00:00:00,2,1009952,SS0505,160.0,50.55,61.60583,184.35625,169.4925,329.24374,372.29584,83.4011,108.51828,88.5893,final
27929,2026-07-21T00:00:00,2,1009952,SS0505,160.0,70.35625,74.47896,191.96875,193.2077,397.40625,436.62875,94.81283,99.37492,91.11867,final
27930,2026-08-01T00:00:00,2,1009952,SS0505,160.0,44.41875,68.55854,165.325,204.64333,432.1125,475.05896,67.182884,81.24513,91.05392,prelim
27931,2026-08-11T00:00:00,2,1009952,SS0505,160.0,47.9125,71.89646,162.6875,214.93396,446.30624,515.76605,68.81006,76.24448,86.661995,prelim
29552,2026-01-01T00:00:00,2,1009953,SS0401,144.0,0.7430556,0.78449076,3.0625,2.3289351,76.00695,101.21597,99.28368,110.009155,76.26626,final
29553,2026-01-11T00:00:00,2,1009953,SS0401,144.0,0.35416666,0.53171295,2.652778,2.0289352,60.340282,67.082405,96.79039,108.87534,90.64665,final
29554,2026-01-21T00:00:00,2,1009953,SS0401,144.0,0.7916667,0.98425925,1.8888888,2.300463,26.027777,33.57384,96.78168,94.36236,80.43735,final
29555,2026-02-01T00:00:00,2,1009953,SS0401,144.0,0.9444444,0.86041665,2.0902777,2.3763888,14.388889,18.73287,101.43382,96.12126,81.69636,final
29556,2026-02-11T00:00:00,2,1009953,SS0401,144.0,1.8333334,1.2310185,3.5694447,3.0756946,13.868056,12.82037,109.6664,106.11402,105.87915,final
29557,2026-02-21T00:00:00,2,1009953,SS0401,144.0,2.3402777,2.1185186,5.1180553,4.209954,12.972221,10.967824,103.115234,109.86,112.55273,final
29558,2026-03-01T00:00:00,2,1009953,SS0401,144.0,6.4930553,6.599537,10.666666,9.949074,15.819445,14.654398,99.082016,104.80025,105.92767,final
29559,2026-03-11T00:00:00,2,1009953,SS0401,144.0,15.402778,8.878009,24.23611,17.596066,30.458332,22.700695,147.01518,129.38583,128.0052,final
29560,2026-03-21T00:00:00,2,1009953,SS0401,144.0,31.944445,12.569445,53.84028,28.046991,60.84722,34.557407,210.27667,178.05034,166.4599,final
29561,2026-04-01T00:00:00,2,1009953,SS0401,144.0,23.8125,23.640278,71.15972,45.08773,83.916664,57.413193,100.601326,152.05266,142.46452,final
29562,2026-04-11T00:00:00,2,1009953,SS0401,144.0,13.0,30.944675,68.75694,67.154396,96.5625,87.82616,50.076954,102.221,109.411514,final
29563,2026-04-21T00:00:00,2,1009953,SS0401,144.0,42.17361,35.685417,78.986115,90.27037,137.94444,122.52731,115.94722,88.15554,112.08928,final
29564,2026-05-01T00:00:00,2,1009953,SS0401,144.0,39.5,39.853935,94.673615,106.48403,176.5,161.52083,99.210915,89.40618,108.99538,final
29565,2026-05-11T00:00:00,2,1009953,SS0401,144.0,37.53472,38.63264,119.208336,114.17199,212.20139,198.92245,97.48372,104.22611,106.51176,final
29566,2026-05-21T00:00:00,2,1009953,SS0401,144.0,21.069445,41.388657,98.104164,119.87523,230.93056,238.1926,56.197887,82.56575,97.01387,final
29567,2026-06-01T00:00:00,2,1009953,SS0401,144.0,31.07639,40.09815,89.68056,120.119446,255.51387,271.6912,79.99528,75.672134,94.15328,final
29568,2026-06-11T00:00:00,2,1009953,SS0401,144.0,13.805555,39.641205,65.95139,121.128006,253.91666,302.4544,42.126003,56.25348,84.21303,final
29569,2026-06-21T00:00:00,2,1009953,SS0401,144.0,25.708334,42.133335,70.59028,121.87269,247.68056,332.01828,65.15205,59.579628,74.97533,final
29570,2026-07-01T00:00:00,2,1009953,SS0401,144.0,35.13889,39.015045,74.65278,120.78959,259.00696,347.39307,91.193565,63.322235,74.91832,final
29571,2026-07-11T00:00:00,2,1009953,SS0401,144.0,27.444445,42.83773,88.291664,123.986115,273.4514,359.2861,67.82187,72.326904,76.43755,final
29572,2026-07-21T00:00:00,2,1009953,SS0401,144.0,38.29861,48.805557,100.88194,130.65834,269.5764,372.40625,80.472374,78.050446,72.75354,final
29573,2026-08-01T00:00:00,2,1009953,SS0401,144.0,13.9375,46.18588,79.68056,137.82916,244.01389,378.7382,36.99751,59.288002,64.89161,prelim
29574,2026-08-11T00:00:00,2,1009953,SS0401,144.0,40.381943,50.127777,92.61806,145.11922,246.86111,390.23334,82.32137,65.02702,63.724663,prelim
31195,2026-01-01T00:00:00,2,1009954,SS0302,440.0,0.0,0.0,0.0,0.0,52.524998,62.85735,100.0,100.0,84.77343,final
31196,2026-01-11T00:00:00,2,1009954,SS0302,440.0,0.0,0.000530303,0.0,0.000530303,28.213636,34.257275,99.989395,99.989395,84.60506,final
31197,2026-01-21T00:00:00,2,1009954,SS0302,440.0,0.0,0.0062121213,0.0,0.0067424243,12.734091,11.405076,99.87591,99.865326,108.10125,final
31198,2026-02-01T00:00:00,2,1009954,SS0302,440.0,0.0,0.0,0.0,0.0067424243,2.8613636,3.7410607,100.0,99.865326,89.93604,final
31199,2026-02-11T00:00:00,2,1009954,SS0302,440.0,0.0,0.0,0.0,0.0062121213,1.6886363,1.7059091,100.0,99.87591,99.742424,final
31200,2026-02-21T00:00:00,2,1009954,SS0302,440.0,0.7409091,0.6235606,0.7409091,0.6235606,1.5295455,1.3758334,102.08673,102.08673,102.41085,final
31201,2026-03-01T00:00:00,2,1009954,SS0302,440.0,1.8136364,1.9514394,2.5545454,2.575,2.5545454,2.5817425,98.01763,99.72997,99.64129,final
31202,2026-03-11T00:00:00,2,1009954,SS0302,440.0,6.4590907,2.6812878,9.013636,5.256288,9.013636,5.2630305,149.1819,136.63457,136.5448,final
31203,2026-03-21T00:00:00,2,1009954,SS0302,440.0,9.002273,3.9323485,17.275,8.565076,18.015907,9.195378,156.75914,164.20844,162.13663,final
31204,2026-04-01T00:00:00,2,1009954,SS0302,440.0,16.463636,8.476666,31.925,15.090303,34.479546,17.672045,159.26517,183.79514,174.13315,final
31205,2026-04-11T00:00:00,2,1009954,SS0302,440.0,14.170455,10.545455,39.636364,22.95447,48.65,28.21697,123.31872,159.67523,161.51382,final
31206,2026-04-21T00:00:00,2,1009954,SS0302,440.0,17.518183,16.942652,48.152275,35.96477,66.16818,45.153408,102.622894,129.75117,141.90099,final
31207,2026-05-01T00:00:00,2,1009954,SS0302,440.0,20.379545,29.443333,52.068184,56.93144,86.54773,74.59674,73.68493,92.147354,115.01442,final
31208,2026-05-11T00:00:00,2,1009954,SS0302,440.0,51.75,30.247122,89.64773,76.6331,138.29773,104.843864,161.00604,115.942825,130.45584,final
31209,2026-05-21T00:00:00,2,1009954,SS0302,440.0,29.852272,38.21788,101.98182,97.90833,167.40909,142.43819,80.64317,103.95837,116.936516,final
31210,2026-06-01T00:00:00,2,1009954,SS0302,440.0,37.811363,43.28682,119.413635,111.751816,203.40683,183.77356,88.66055,106.562485,110.40044,final
31211,2026-06-11T00:00:00,2,1009954,SS0302,440.0,20.229546,43.20053,87.89318,124.70523,217.17728,224.2928,52.34288,71.61869,96.89675,final
31212,2026-06-21T00:00:00,2,1009954,SS0302,440.0,39.456818,43.170834,97.49773,129.65817,247.63184,263.53128,92.28991,76.116974,94.07911,final
31213,2026-07-01T00:00:00,2,1009954,SS0302,440.0,59.75,51.649773,119.43636,138.02113,290.91818,306.7044,114.29878,87.00558,94.93552,final
31214,2026-07-11T00:00:00,2,1009954,SS0302,440.0,45.013638,51.576817,144.22046,146.39743,321.76138,347.73575,88.39952,98.56208,92.636314,final
31215,2026-07-21T00:00:00,2,1009954,SS0302,440.0,49.454544,59.186134,154.21819,162.41272,353.69775,389.97925,84.838486,95.10519,90.81433,final
31216,2026-08-01T00:00:00,2,1009954,SS0302,440.0,68.56591,54.58106,163.03409,165.34401,401.8841,415.11697,123.47198,98.64397,96.85019,prelim
31217,2026-08-11T00:00:00,2,1009954,SS0302,440.0,34.288635,54.857273,152.30908,168.62447,384.42273,439.7271,65.63719,90.60306,87.56442,prelim
32838,2026-01-01T00:00:00,2,1009955,SS0701,386.0,0.005181347,0.005181347,0.07253886,0.053626943,72.404144,64.146545,100.0,100.37422,111.94217,final
32839,2026-01-11T00:00:00,2,1009955,SS0701,386.0,0.005181347,0.005181347,0.03626943,0.031088082,19.639898,32.276684,100.0,100.103,66.10002,final
32840,2026-01-21T00:00:00,2,1009955,SS0701,386.0,0.015544041,0.015716752,0.025906734,0.026079446,10.81347,5.2250433,99.99656,99.99655,154.65431,final
32841,2026-02-01T00:00:00,2,1009955,SS0701,386.0,0.06994819,0.07236615,0.09067358,0.09326425,0.74093276,0.69024175,99.95233,99.949135,100.89084,final
32842,2026-02-11T00:00:00,2,1009955,SS0701,386.0,0.09067357,0.09067357,0.1761658,0.17875648,0.5958549,0.5236615,100.0,99.94997,101.30698,final
32843,2026-02-21T00:00:00,2,1009955,SS0701,386.0,0.12176166,0.15025906,0.2823834,0.3132988,0.65544045,0.6216753,99.446686,99.41815,100.600624,final
32844,2026-03-01T00:00:00,2,1009955,SS0701,386.0,1.015544,0.95932645,1.2279793,1.2002591,1.3911917,1.3471503,100.94335,100.44708,100.69387,final
32845,2026-03-11T00:00:00,2,1009955,SS0701,386.0,2.380829,1.294646,3.5181348,2.4042315,3.73057,2.6140761,117.25565,115.04415,114.66355,final
32846,2026-03-21T00:00:00,2,1009955,SS0701,386.0,4.816062,1.9783247,8.212435,4.232297,8.520725,4.5716753,140.66502,143.11102,141.25766,final
32847,2026-04-01T00:00:00,2,1009955,SS0701,386.0,13.137305,4.4472365,20.334196,7.720207,21.65285,9.013731,191.98529,199.16496,190.19096,final
32848,2026-04-11T00:00:00,2,1009955,SS0701,386.0,14.246114,6.4389462,32.199482,12.864508,35.89378,15.447495,168.25075,208.23122,199.99408,final
32849,2026-04-21T00:00:00,2,1009955,SS0701,386.0,4.150259,11.692832,31.533678,22.579016,40.028496,27.12461,54.815495,132.4691,140.16823,final
32850,2026-05-01T00:00:00,2,1009955,SS0701,386.0,26.821243,26.906822,45.217617,45.0386,66.77979,53.95907,99.73179,100.35776,121.745125,final
32851,2026-05-11T00:00:00,2,1009955,SS0701,386.0,52.318653,25.124525,83.29015,63.72418,119.00777,78.99292,190.27238,128.47029,147.64075,final
32852,2026-05-21T00:00:00,2,1009955,SS0701,386.0,15.453368,33.176685,94.59326,85.20803,134.33937,112.01935,53.57555,110.40399,119.073784,final
32853,2026-06-01T00:00:00,2,1009955,SS0701,386.0,38.795338,36.3734,106.56735,94.674614,172.11917,147.43343,105.85384,111.931564,116.19444,final
32854,2026-06-11T00:00:00,2,1009955,SS0701,386.0,27.19171,33.246372,81.440414,102.79646,196.93005,179.38515,84.16932,80.188545,109.51536,final
32855,2026-06-21T00:00:00,2,1009955,SS0701,386.0,23.707254,38.345078,89.6943,107.96485,215.82124,215.7519,66.22956,83.82634,100.03141,final
32856,2026-07-01T00:00:00,2,1009955,SS0701,386.0,33.979275,50.113213,84.878235,121.704666,236.66322,261.41788,70.72583,70.93522,90.708336,final
32857,2026-07-11T00:00:00,2,1009955,SS0701,386.0,47.69689,52.138428,105.38342,140.59671,270.114,307.11737,92.22671,75.81451,88.14441,final
32858,2026-07-21T00:00:00,2,1009955,SS0701,386.0,64.79793,64.00622,146.47409,166.25786,330.76166,359.43073,101.14731,88.44797,92.133194,final
32859,2026-08-01T00:00:00,2,1009955,SS0701,386.0,64.7513,50.926857,177.24612,167.0715,368.6917,383.45078,124.71879,105.91302,96.20053,prelim
32860,2026-08-11T00:00:00,2,1009955,SS0701,386.0,33.92487,58.49905,163.47409,173.43213,350.2979,416.8253,61.299927,94.41914,84.22869,prelim
34481,2026-01-01T00:00:00,2,1009956,SS0303,464.0,0.61206895,0.7099856,2.8254309,2.3293104,94.913795,119.419395,98.28517,106.76899,80.30403,final
34482,2026-01-11T00:00:00,2,1009956,SS0303,464.0,0.5064655,0.56170976,2.424569,1.95,75.66595,84.776794,99.0067,106.82833,89.85167,final
34483,2026-01-21T00:00:00,2,1009956,SS0303,464.0,0.69827586,0.96479887,1.8168104,2.2364943,37.351288,50.289658,95.53174,94.200455,76.59893,final
34484,2026-02-01T00:00:00,2,1009956,SS0303,464.0,1.3793104,1.2950431,2.5840516,2.8215518,23.471983,30.769253,101.33864,96.96352,79.59904,final
34485,2026-02-11T00:00:00,2,1009956,SS0303,464.0,2.1163793,1.8302443,4.1939654,4.0900865,18.368534,19.60201,104.18924,101.14279,94.986275,final
34486,2026-02-21T00:00:00,2,1009956,SS0303,464.0,2.4439654,2.2351294,5.9396553,5.360417,13.193966,12.330963,102.88641,105.59088,104.97954,final
34487,2026-03-01T00:00:00,2,1009956,SS0303,464.0,5.769397,5.961997,10.3297415,10.02737,15.739224,15.178233,98.24302,102.01213,102.780174,final
34488,2026-03-11T00:00:00,2,1009956,SS0303,464.0,15.084052,7.1198277,23.297413,15.316955,29.915949,21.35704,165.71237,139.2798,132.47295,final
34489,2026-03-21T00:00:00,2,1009956,SS0303,464.0,34.780174,11.914727,55.63362,24.996552,63.390087,32.593464,235.18071,202.1353,181.92017,final
34490,2026-04-01T00:00:00,2,1009956,SS0303,464.0,34.45043,21.653305,84.31466,40.68786,97.228455,53.53678,148.01328,195.48882,174.6397,final
34491,2026-04-11T00:00:00,2,1009956,SS0303,464.0,14.293103,28.43951,83.52371,62.00754,111.01509,81.41458,57.695526,132.11008,134.25407,final
34492,2026-04-21T00:00:00,2,1009956,SS0303,464.0,41.573277,33.314438,90.31681,83.40726,151.89009,113.76422,121.55542,107.8156,132.10216,final
34493,2026-05-01T00:00:00,2,1009956,SS0303,464.0,51.185345,37.790157,107.05173,99.54411,201.69614,150.25934,131.30437,107.18129,133.1296,final
34494,2026-05-11T00:00:00,2,1009956,SS0303,464.0,45.256466,36.70589,138.01509,107.810486,244.83621,185.13498,120.502075,126.77464,131.3994,final
34495,2026-05-21T00:00:00,2,1009956,SS0303,464.0,19.3125,39.280533,115.75431,113.77658,261.70477,222.18039,54.905617,101.66508,117.3978,final
34496,2026-06-01T00:00:00,2,1009956,SS0303,464.0,37.8125,38.49303,102.38147,114.479454,293.74786,254.71143,98.43531,89.87442,115.03069,final
34497,2026-06-11T00:00:00,2,1009956,SS0303,464.0,14.6875,37.587933,71.8125,115.361496,293.35132,285.17953,46.227882,63.81817,102.81612,final
34498,2026-06-21T00:00:00,2,1009956,SS0303,464.0,20.55819,38.72658,73.05819,114.80754,279.1293,311.99136,58.45001,65.152985,89.63314,final
34499,2026-07-01T00:00:00,2,1009956,SS0303,464.0,34.077587,43.568176,69.32327,119.88269,278.75647,333.90625,80.45924,59.51447,83.72713,final
34500,2026-07-11T00:00:00,2,1009956,SS0303,464.0,36.474136,46.42385,91.10991,128.71861,300.9375,351.8906,80.65156,71.87474,85.723045,final
34501,2026-07-21T00:00:00,2,1009956,SS0303,464.0,43.547413,52.310703,114.09914,142.30273,302.91165,370.88684,84.70915,80.85331,81.91605,final
34502,2026-08-01T00:00:00,2,1009956,SS0303,464.0,29.95474,43.611637,109.97629,142.34619,281.68103,376.7083,71.90612,78.031395,75.10474,prelim
34503,2026-08-11T00:00:00,2,1009956,SS0303,464.0,37.27802,48.699715,110.78017,144.62206,273.70258,388.70215,78.73043,77.38175,70.79021,prelim
36124,2026-01-01T00:00:00,2,1009957,SS0201,189.0,1.1587301,2.6843033,35.555553,15.099471,212.6455,132.13828,80.14689,201.77422,158.70514,final
36125,2026-01-11T00:00:00,2,1009957,SS0201,189.0,0.91534394,1.9714285,21.714285,10.91023,182.08995,106.02575,84.85125,167.90634,168.5104,final
36126,2026-01-21T00:00:00,2,1009957,SS0201,189.0,1.5396825,3.2261024,3.6137567,7.881834,71.66138,76.72293,79.49915,66.86746,93.80644,final
36127,2026-02-01T00:00:00,2,1009957,SS0201,189.0,9.576719,3.5555556,12.031746,8.753086,67.650795,58.666492,170.37724,123.83945,114.1115,final
36128,2026-02-11T00:00:00,2,1009957,SS0201,189.0,20.62963,4.679718,31.74603,11.461375,77.57672,49.125748,264.7766,223.22575,152.56459,final
36129,2026-02-21T00:00:00,2,1009957,SS0201,189.0,21.613756,5.288183,51.820107,13.523457,97.26984,41.768784,258.68274,306.74677,218.67116,final
36130,2026-03-01T00:00:00,2,1009957,SS0201,189.0,24.296297,12.868607,66.53968,22.836508,114.12698,46.689064,163.95401,256.99948,230.46844,final
36131,2026-03-11T00:00:00,2,1009957,SS0201,189.0,44.814816,15.662257,90.72487,33.819046,144.18518,56.19065,241.09087,246.59253,243.80388,final
36132,2026-03-21T00:00:00,2,1009957,SS0201,189.0,85.71429,25.441446,154.82541,53.97231,210.25925,75.3776,297.99597,271.01773,267.81,final
36133,2026-04-01T00:00:00,2,1009957,SS0201,189.0,18.544973,26.74568,149.07407,67.84938,227.6455,99.43898,74.16749,211.49673,222.75734,final
36134,2026-04-11T00:00:00,2,1009957,SS0201,189.0,4.259259,29.813404,108.518524,82.00053,230.98941,127.28095,26.596823,130.48027,178.40016,final
36135,2026-04-21T00:00:00,2,1009957,SS0201,189.0,55.62963,33.58889,78.43387,90.14797,285.07938,157.64374,157.1168,87.68854,178.35263,final
36136,2026-05-01T00:00:00,2,1009957,SS0201,189.0,70.809525,43.44074,130.69841,106.84303,346.3122,197.52893,156.49951,121.32933,173.46272,final
36137,2026-05-11T00:00:00,2,1009957,SS0201,189.0,75.243385,37.330334,201.68254,114.35996,400.92593,230.17953,189.56474,173.15901,172.60257,final
36138,2026-05-21T00:00:00,2,1009957,SS0201,189.0,18.402117,35.236862,164.45503,116.007935,397.7143,260.1282,58.16089,140.0363,151.89418,final
36139,2026-06-01T00:00:00,2,1009957,SS0201,189.0,10.899471,37.080776,104.54497,109.64797,384.31744,284.3404,37.78322,95.54898,134.55344,final
36140,2026-06-11T00:00:00,2,1009957,SS0201,189.0,8.259259,35.08748,37.56085,107.40511,347.76193,303.7656,33.075813,37.8638,114.24911,final
36141,2026-06-21T00:00:00,2,1009957,SS0201,189.0,20.444445,32.04127,39.603172,104.209526,282.4921,310.36542,68.69215,40.84183,91.161575,final
36142,2026-07-01T00:00:00,2,1009957,SS0201,189.0,19.380953,42.913403,48.084656,110.04215,283.32806,326.53314,50.885456,46.143658,86.968094,final
36143,2026-07-11T00:00:00,2,1009957,SS0201,189.0,19.88889,41.976543,59.714287,116.93121,298.95767,338.6963,52.981525,53.07442,88.43787,final
36144,2026-07-21T00:00:00,2,1009957,SS0201,189.0,27.275133,56.113934,66.544975,141.00388,270.60318,361.22134,52.811413,49.00211,75.2559,final
36145,2026-08-01T00:00:00,2,1009957,SS0201,189.0,34.814816,43.26261,81.978836,141.35309,234.60846,361.0432,82.49619,59.43082,65.45906,prelim
36146,2026-08-11T00:00:00,2,1009957,SS0201,189.0,23.433863,43.226986,85.52381,142.60353,182.79895,366.93985,58.958405,61.329033,50.49175,prelim
37767,2026-01-01T00:00:00,2,1009958,SS0304,148.0,0.0,0.0,0.0,0.0,51.006756,62.86374,100.0,100.0,82.52825,final
37768,2026-01-11T00:00:00,2,1009958,SS0304,148.0,0.0,0.0,0.0,0.0,23.97973,32.5482,100.0,100.0,77.180084,final
37769,2026-01-21T00:00:00,2,1009958,SS0304,148.0,0.0,0.0,0.0,0.0,8.7364855,9.033784,100.0,100.0,97.881546,final
37770,2026-02-01T00:00:00,2,1009958,SS0304,148.0,0.0,0.0,0.0,0.0,1.277027,1.6373874,100.0,100.0,94.570755,final
37771,2026-02-11T00:00:00,2,1009958,SS0304,148.0,0.0,0.0,0.0,0.0,0.6013514,0.6175676,100.0,100.0,99.71133,final
37772,2026-02-21T00:00:00,2,1009958,SS0304,148.0,0.0,0.0018018017,0.0,0.0018018017,0.41216215,0.33941442,99.963974,99.963974,101.362465,final
37773,2026-03-01T00:00:00,2,1009958,SS0304,148.0,0.972973,0.88716215,0.972973,0.88896394,0.972973,0.88896394,101.45758,101.42655,101.42655,final
37774,2026-03-11T00:00:00,2,1009958,SS0304,148.0,3.1013513,1.266892,4.074324,2.155856,4.074324,2.155856,129.27222,126.80975,126.80975,final
37775,2026-03-21T00:00:00,2,1009958,SS0304,148.0,7.135135,2.2522523,11.209459,4.4063063,11.209459,4.408108,167.3292,172.32544,172.29245,final
37776,2026-04-01T00:00:00,2,1009958,SS0304,148.0,15.871622,5.8272524,26.108109,9.346396,27.081081,10.23536,192.76933,216.8357,210.56989,final
37777,2026-04-11T00:00:00,2,1009958,SS0304,148.0,10.094595,8.546171,33.101353,16.625675,37.175674,18.781532,111.43072,176.18573,177.34633,final
37778,2026-04-21T00:00:00,2,1009958,SS0304,148.0,11.222973,15.334234,37.18919,29.707657,48.398647,34.115765,79.78158,121.555855,136.51439,final
37779,2026-05-01T00:00:00,2,1009958,SS0304,148.0,24.10135,27.440765,45.41892,51.32117,72.5,61.556534,89.706116,89.52036,116.44236,final
37780,2026-05-11T00:00:00,2,1009958,SS0304,148.0,51.695946,27.165316,87.02027,69.940315,124.195946,88.72185,176.26424,122.79141,137.85042,final
37781,2026-05-21T00:00:00,2,1009958,SS0304,148.0,22.85135,38.475677,98.64864,93.08176,147.0473,127.19572,64.06191,105.67576,115.016815,final
37782,2026-06-01T00:00:00,2,1009958,SS0304,148.0,59.95946,44.25743,134.50676,109.89842,206.03378,170.566,131.87749,121.41747,120.201965,final
37783,2026-06-11T00:00:00,2,1009958,SS0304,148.0,19.513514,41.009686,102.324326,123.74279,222.44595,210.30878,53.27903,83.36336,105.6371,final
37784,2026-06-21T00:00:00,2,1009958,SS0304,148.0,31.628378,44.740314,111.10136,130.00743,246.9392,252.79684,73.63922,85.99627,97.727806,final
37785,2026-07-01T00:00:00,2,1009958,SS0304,148.0,48.5473,52.828377,99.68919,138.57837,279.61487,299.79797,92.596924,72.91432,93.378204,final
37786,2026-07-11T00:00:00,2,1009958,SS0304,148.0,55.52027,56.012386,135.69595,153.58109,325.04053,347.2642,99.19342,88.72178,93.69119,final
37787,2026-07-21T00:00:00,2,1009958,SS0304,148.0,56.594593,62.625225,160.66216,171.46599,370.41217,394.55518,91.08227,93.87767,93.957535,final
37788,2026-08-01T00:00:00,2,1009958,SS0304,148.0,71.6554,54.528378,183.77026,173.16599,417.96622,421.6428,128.7712,105.951904,99.13825,prelim
37789,2026-08-11T00:00:00,2,1009958,SS0304,148.0,26.945946,59.141666,155.19595,176.29527,393.21622,453.61914,49.805298,88.3619,86.82939,prelim
39410,2026-01-01T00:00:00,2,1009959,SS0402,159.0,0.13836478,0.13983229,0.13836478,0.13983229,53.53459,75.6522,99.97144,99.97144,72.57656,final
39411,2026-01-11T00:00:00,2,1009959,SS0402,159.0,0.20125785,0.18867925,0.33962262,0.32851154,27.528301,42.99455,100.242424,100.20852,67.774994,final
39412,2026-01-21T00:00:00,2,1009959,SS0402,159.0,0.25786164,0.3293501,0.59748423,0.65786165,9.6603775,14.361845,98.65859,98.93285,75.71787,final
39413,2026-02-01T00:00:00,2,1009959,SS0402,159.0,0.0754717,0.071698114,0.5345912,0.58972746,3.5408807,5.6109014,100.07441,99.01361,80.49157,final
39414,2026-02-11T00:00:00,2,1009959,SS0402,159.0,0.2893082,0.31132075,0.62264156,0.71236897,2.9308176,3.248218,99.58555,98.429245,96.151886,final
39415,2026-02-21T00:00:00,2,1009959,SS0402,159.0,1.2012578,1.2580713,1.5660377,1.6410902,3.0880501,3.1972747,99.092155,98.86987,98.66754,final
39416,2026-03-01T00:00:00,2,1009959,SS0402,159.0,2.5345912,3.651153,4.025157,5.2205453,4.6981134,5.9501047,87.09348,88.30407,88.5664,final
39417,2026-03-11T00:00:00,2,1009959,SS0402,159.0,9.232704,5.060168,12.968554,9.969392,13.930818,11.010273,141.47581,120.03529,118.24169,final
39418,2026-03-21T00:00:00,2,1009959,SS0402,159.0,31.761005,10.330817,43.5283,19.04214,45.691822,21.341091,239.78503,201.84686,192.4439,final
39419,2026-04-01T00:00:00,2,1009959,SS0402,159.0,26.245283,18.466248,67.23899,33.85723,71.798744,39.667503,133.14989,185.90875,171.93427,final
39420,2026-04-11T00:00:00,2,1009959,SS0402,159.0,11.3396225,26.12306,69.34591,54.920128,82.9371,65.60189,52.50005,124.07502,124.55347,final
39421,2026-04-21T00:00:00,2,1009959,SS0402,159.0,25.811321,27.208385,63.39623,71.79769,108.49057,92.48092,95.66242,89.06026,116.42337,final
39422,2026-05-01T00:00:00,2,1009959,SS0402,159.0,18.408806,37.890358,55.55975,91.2218,126.823906,130.29958,54.57825,62.93766,97.43114,final
39423,2026-05-11T00:00:00,2,1009959,SS0402,159.0,42.597485,35.625156,86.81761,100.7239,169.13208,165.61342,117.16258,86.8466,102.062355,final
39424,2026-05-21T00:00:00,2,1009959,SS0402,159.0,18.27673,41.96981,79.28302,115.48532,186.20755,206.32516,49.55679,69.952934,90.480255,final
39425,2026-06-01T00:00:00,2,1009959,SS0402,159.0,34.55346,50.937946,95.42767,128.53291,218.22641,253.61195,70.70953,75.20818,86.31713,final
39426,2026-06-11T00:00:00,2,1009959,SS0402,159.0,29.138365,56.327255,81.96855,149.23502,238.13208,304.87903,55.665897,56.387035,78.46033,final
39427,2026-06-21T00:00:00,2,1009959,SS0402,159.0,73.56604,50.690987,137.25787,157.95618,279.93713,345.2392,141.07497,87.29824,81.35501,final
39428,2026-07-01T00:00:00,2,1009959,SS0402,159.0,66.37107,58.771698,169.07547,165.78993,320.0629,385.54465,111.91653,101.92373,83.23322,final
39429,2026-07-11T00:00:00,2,1009959,SS0402,159.0,36.691822,56.827045,176.62892,166.28973,345.4151,416.24863,67.43298,106.03608,83.18486,final
39430,2026-07-21T00:00:00,2,1009959,SS0402,159.0,46.899372,66.725365,149.96227,182.32411,366.50317,455.765625,72.35847,82.724144,80.627365,final
39431,2026-08-01T00:00:00,2,1009959,SS0402,159.0,58.220127,62.58952,141.81133,186.14192,406.31448,480.46478,93.53539,76.807495,84.725914,prelim
39432,2026-08-11T00:00:00,2,1009959,SS0402,159.0,44.08805,58.177357,149.20755,187.49225,407.80505,503.01697,77.69881,80.111046,81.258125,prelim
41053,2026-01-01T00:00:00,2,1009960,SS0305,222.0,0.009009009,0.022972973,0.009009009,0.024324324,58.968468,68.817566,99.72199,99.69517,86.65751,final
41054,2026-01-11T00:00:00,2,1009960,SS0305,222.0,0.013513514,0.03108108,0.022522524,0.054054055,34.698196,42.7991,99.65082,99.37611,83.052185,final
41055,2026-01-21T00:00:00,2,1009960,SS0305,222.0,0.022522522,0.08708709,0.045045048,0.14114115,14.184686,18.985886,98.73081,98.13084,79.98322,final
41056,2026-02-01T00:00:00,2,1009960,SS0305,222.0,0.0,0.0009009009,0.036036037,0.11906907,7.2837834,8.082282,99.98199,98.37797,93.89633,final
41057,2026-02-11T00:00:00,2,1009960,SS0305,222.0,0.2027027,0.0509009,0.22522523,0.13888888,5.396396,3.9021022,103.00543,101.68006,116.78586,final
41058,2026-02-21T00:00:00,2,1009960,SS0305,222.0,1.4864864,1.2237238,1.6891892,1.2755256,3.3423424,2.4825826,104.221954,106.59169,111.49014,final
41059,2026-03-01T00:00:00,2,1009960,SS0305,222.0,2.2342343,2.9441442,3.9234235,4.2187686,3.9684687,4.362162,91.06373,96.796265,95.79485,final
41060,2026-03-11T00:00:00,2,1009960,SS0305,222.0,8.162162,3.8411412,11.882883,8.009009,12.1306305,8.201952,148.87402,129.7784,129.75832,final
41061,2026-03-21T00:00:00,2,1009960,SS0305,222.0,16.252253,7.498198,26.64865,14.2834835,28.382883,15.7001505,170.04254,164.1231,161.2688,final
41062,2026-04-01T00:00:00,2,1009960,SS0305,222.0,17.463964,14.483784,41.87838,25.823124,45.837837,30.160961,115.2957,152.08835,144.58603,final
41063,2026-04-11T00:00:00,2,1009960,SS0305,222.0,16.545046,18.047148,50.26126,40.02913,62.36937,48.17703,93.48248,122.723366,126.68886,final
41064,2026-04-21T00:00:00,2,1009960,SS0305,222.0,23.797297,23.132433,57.806305,55.663364,86.14414,71.222374,102.363335,103.53252,119.57662,final
41065,2026-05-01T00:00:00,2,1009960,SS0305,222.0,22.675676,31.423424,63.01802,72.603004,108.81982,102.6449,75.983185,87.6487,105.736374,final
41066,2026-05-11T00:00:00,2,1009960,SS0305,222.0,49.567566,30.741442,96.04054,85.297295,158.18468,133.33543,152.6731,111.89764,117.96304,final
41067,2026-05-21T00:00:00,2,1009960,SS0305,222.0,18.581081,36.006607,90.824326,98.17147,175.27928,168.11832,57.505566,92.87871,104.13645,final
41068,2026-06-01T00:00:00,2,1009960,SS0305,222.0,32.81982,43.692192,100.968475,110.44024,205.86487,208.86636,77.67123,91.79509,98.59656,final
41069,2026-06-11T00:00:00,2,1009960,SS0305,222.0,19.472973,43.823273,70.87387,123.52207,217.17567,248.8485,50.12563,59.035675,87.52294,final
41070,2026-06-21T00:00:00,2,1009960,SS0305,222.0,38.801804,45.883335,91.0946,133.3988,239.72523,287.23364,86.08281,69.43311,83.743004,final
41071,2026-07-01T00:00:00,2,1009960,SS0305,222.0,51.05856,51.51081,109.333336,141.21742,273.31982,324.26065,99.19971,78.19406,84.52872,final
41072,2026-07-11T00:00:00,2,1009960,SS0305,222.0,38.243244,52.591293,128.1036,149.98544,295.01804,358.8048,75.086426,85.881355,82.46676,final
41073,2026-07-21T00:00:00,2,1009960,SS0305,222.0,46.2027,59.942944,135.5045,164.04504,317.42343,395.61533,78.84259,83.1166,80.482056,final
41074,2026-08-01T00:00:00,2,1009960,SS0305,222.0,53.436935,53.555557,137.88287,166.08978,348.1847,417.74744,99.797424,83.51338,83.54508,prelim
41075,2026-08-11T00:00:00,2,1009960,SS0305,222.0,39.57207,55.687687,139.2117,169.18619,338.1892,442.6937,73.445,82.791695,76.65714,prelim
42696,2026-01-01T00:00:00,2,1009961,SS1001,265.0,2.1056604,1.4831446,5.4339623,3.3114467,193.49057,178.08679,109.60206,125.53724,108.413376,final
42697,2026-01-11T00:00:00,2,1009961,SS1001,265.0,0.88301885,1.616478,5.6792455,4.044654,102.64906,119.415344,88.914665,118.07245,86.52394,final
42698,2026-01-21T00:00:00,2,1009961,SS1001,265.0,3.2226415,3.1085534,6.211321,6.208176,59.313206,58.966164,101.407005,100.02806,100.542534,final
42699,2026-02-01T00:00:00,2,1009961,SS1001,265.0,5.037736,3.5038993,9.143396,8.22893,34.9283,39.33786,118.03686,106.91263,90.054634,final
42700,2026-02-11T00:00:00,2,1009961,SS1001,265.0,7.8754716,4.8566036,16.135849,11.469056,32.33585,29.825787,130.62787,128.33675,107.20749,final
42701,2026-02-21T00:00:00,2,1009961,SS1001,265.0,6.8150945,7.2051573,19.728302,15.56566,34.913208,27.6161,96.804115,120.24074,122.37271,final
42702,2026-03-01T00:00:00,2,1009961,SS1001,265.0,3.3509433,19.074465,18.04151,31.136227,32.61887,42.676605,34.687973,63.76291,78.90425,final
42703,2026-03-11T00:00:00,2,1009961,SS1001,265.0,47.74717,23.447548,57.913208,49.72717,79.7283,65.24088,185.41904,114.9579,120.62534,final
42704,2026-03-21T00:00:00,2,1009961,SS1001,265.0,53.690567,25.183899,104.78868,67.70591,130.7283,89.47975,194.4433,151.00378,143.65862,final
42705,2026-04-01T00:00:00,2,1009961,SS1001,265.0,25.68302,36.558617,127.12076,85.19006,154.30566,124.55522,73.8307,146.49149,122.963524,final
42706,2026-04-11T00:00:00,2,1009961,SS1001,265.0,22.89434,40.887547,102.26793,102.630066,176.31699,163.8263,60.788475,99.663536,107.398544,final
42707,2026-04-21T00:00:00,2,1009961,SS1001,265.0,43.52453,43.7961,92.10189,121.24226,216.61887,204.51384,99.44345,76.9171,105.77767,final
42708,2026-05-01T00:00:00,2,1009961,SS1001,265.0,44.24151,56.284027,110.66038,140.96767,255.82266,257.29398,80.34966,79.236984,99.439064,final
42709,2026-05-11T00:00:00,2,1009961,SS1001,265.0,59.920753,56.253963,147.6868,156.33409,307.86792,308.6913,105.98621,94.64013,99.73751,final
42710,2026-05-21T00:00:00,2,1009961,SS1001,265.0,49.350945,63.385662,153.51321,175.92365,350.40378,364.87183,79.477104,87.61332,96.08836,final
42711,2026-06-01T00:00:00,2,1009961,SS1001,265.0,62.981133,64.62491,172.25284,184.26453,410.034,410.42227,97.6391,93.653496,99.90653,final
42712,2026-06-11T00:00:00,2,1009961,SS1001,265.0,46.332077,75.29145,158.66415,203.30202,408.6189,462.26617,63.932182,78.5706,88.518906,final
42713,2026-06-21T00:00:00,2,1009961,SS1001,265.0,56.984905,64.90151,166.29811,204.81786,411.91324,501.98376,88.67463,81.64134,82.23404,final
42714,2026-07-01T00:00:00,2,1009961,SS1001,265.0,52.226414,56.96503,155.5434,197.15799,438.4566,522.3902,92.35275,79.41482,84.085106,final
42715,2026-07-11T00:00:00,2,1009961,SS1001,265.0,41.630188,53.94868,150.8415,175.81522,457.19244,535.4513,79.10302,86.18827,85.51972,final
42716,2026-07-21T00:00:00,2,1009961,SS1001,265.0,49.101887,61.092957,142.95848,172.00667,462.7698,552.74817,81.85726,83.58921,83.86756,final
42717,2026-08-01T00:00:00,2,1009961,SS1001,265.0,61.773586,65.80063,152.50566,180.84227,480.3019,562.2648,94.31214,84.752335,85.551216,prelim
42718,2026-08-11T00:00:00,2,1009961,SS1001,265.0,48.71698,70.195724,159.59245,197.08931,469.09814,576.20654,71.43622,81.445404,81.57137,prelim
44339,2026-01-01T00:00:00,2,1009962,SS0306,244.0,0.0,0.0,0.0,0.0,49.07787,57.047268,100.0,100.0,87.15593,final
44340,2026-01-11T00:00:00,2,1009962,SS0306,244.0,0.0,0.0,0.0,0.0,24.307377,27.807377,100.0,100.0,89.331665,final
44341,2026-01-21T00:00:00,2,1009962,SS0306,244.0,0.0,0.0,0.0,0.0,8.364755,5.303552,100.0,100.0,129.71016,final
44342,2026-02-01T00:00:00,2,1009962,SS0306,244.0,0.0,0.0,0.0,0.0,0.18032786,0.28647542,100.0,100.0,97.992096,final
44343,2026-02-11T00:00:00,2,1009962,SS0306,244.0,0.0,0.0006830601,0.0,0.0006830601,0.09016393,0.100683056,99.98634,99.98634,99.79376,final
44344,2026-02-21T00:00:00,2,1009962,SS0306,244.0,0.04918033,0.08005464,0.04918033,0.0807377,0.11065574,0.14562841,99.39225,99.37889,99.32034,final
44345,2026-03-01T00:00:00,2,1009962,SS0306,244.0,1.0983607,1.0935793,1.147541,1.1743169,1.147541,1.1743169,100.07846,99.56634,99.56634,final
44346,2026-03-11T00:00:00,2,1009962,SS0306,244.0,3.4918032,1.4353825,4.639344,2.6090164,4.639344,2.6096995,131.95491,126.68319,126.671814,final
44347,2026-03-21T00:00:00,2,1009962,SS0306,244.0,4.5737705,2.0685792,9.163935,4.597541,9.213115,4.678279,135.44124,147.57878,146.8558,final
44348,2026-04-01T00:00:00,2,1009962,SS0306,244.0,10.028688,4.0416665,18.094261,7.5456285,19.241802,8.719945,166.21593,184.08214,176.69023,final
44349,2026-04-11T00:00:00,2,1009962,SS0306,244.0,6.0163937,5.5356555,20.618853,11.645902,25.258196,14.255601,104.562965,153.90488,157.13972,final
44350,2026-04-21T00:00:00,2,1009962,SS0306,244.0,10.286885,11.083879,26.331966,20.661201,35.545082,25.339481,95.04476,122.09859,133.63803,final
44351,2026-05-01T00:00:00,2,1009962,SS0306,244.0,14.516394,25.074043,30.819674,41.69358,50.061478,50.413525,64.89448,76.7122,99.36469,final
44352,2026-05-11T00:00:00,2,1009962,SS0306,244.0,42.32787,25.692486,67.13115,61.85041,92.38934,76.10533,154.20018,107.89933,120.07761,final
44353,2026-05-21T00:00:00,2,1009962,SS0306,244.0,24.438524,36.235794,81.28278,87.00232,116.77869,112.26106,71.39071,93.78327,103.852615,final
44354,2026-06-01T00:00:00,2,1009962,SS0306,244.0,42.098362,43.94317,108.86476,105.87145,157.77869,155.11066,96.23071,102.69981,101.66637,final
44355,2026-06-11T00:00:00,2,1009962,SS0306,244.0,24.036884,41.99153,90.57378,122.170494,178.32376,195.66681,61.791737,75.154045,91.35729,final
44356,2026-06-21T00:00:00,2,1009962,SS0306,244.0,35.213116,42.925682,101.34836,128.86038,208.9631,236.52391,83.907234,79.44722,88.58878,final
44357,2026-07-01T00:00:00,2,1009962,SS0306,244.0,53.668034,52.78265,112.91803,137.69986,252.60246,285.2649,101.53227,82.6336,88.747375,final
44358,2026-07-11T00:00:00,2,1009962,SS0306,244.0,44.790985,53.031284,133.67213,148.73962,291.37704,332.76053,85.80025,90.19935,87.74769,final
44359,2026-07-21T00:00:00,2,1009962,SS0306,244.0,47.991802,61.88224,146.45082,167.69618,329.08194,383.55887,79.2315,87.69784,85.97975,final
44360,2026-08-01T00:00:00,2,1009962,SS0306,244.0,59.745903,55.192623,152.52869,170.10616,374.3115,413.67746,107.56451,89.96182,90.59755,prelim
44361,2026-08-11T00:00:00,2,1009962,SS0306,244.0,25.17623,57.893032,132.91393,174.9679,357.15985,445.878,47.980244,76.632515,80.32325,prelim
45982,2026-01-01T00:00:00,2,1009963,SS0702,119.0,0.0,0.0,0.0,0.0,58.563023,54.082073,100.0,100.0,107.584274,final
45983,2026-01-11T00:00:00,2,1009963,SS0702,119.0,0.0,0.0,0.0,0.0,10.117647,25.060505,100.0,100.0,50.290726,final
45984,2026-01-21T00:00:00,2,1009963,SS0702,119.0,0.0,0.0,0.0,0.0,3.840336,3.3442576,100.0,100.0,105.945145,final
45985,2026-02-01T00:00:00,2,1009963,SS0702,119.0,0.0,0.0,0.0,0.0,0.008403362,0.055182073,100.0,100.0,99.07464,final
45986,2026-02-11T00:00:00,2,1009963,SS0702,119.0,0.0,0.0,0.0,0.0,0.0,0.03417367,100.0,100.0,99.32117,final
45987,2026-02-21T00:00:00,2,1009963,SS0702,119.0,0.0,0.003921569,0.0,0.003921569,0.0,0.03809524,99.92163,99.92163,99.24385,final
45988,2026-03-01T00:00:00,2,1009963,SS0702,119.0,0.9747899,0.98459387,0.9747899,0.98851544,0.9747899,0.98851544,99.83618,99.770805,99.770805,final
45989,2026-03-11T00:00:00,2,1009963,SS0702,119.0,3.1512606,1.2336135,4.1260505,2.2221289,4.1260505,2.2221289,130.763,126.362335,126.362335,final
45990,2026-03-21T00:00:00,2,1009963,SS0702,119.0,4.8067226,1.6602241,8.932774,3.8784313,8.932774,3.882353,147.24315,156.92833,156.85904,final
45991,2026-04-01T00:00:00,2,1009963,SS0702,119.0,7.529412,2.772269,15.487394,5.666106,16.462185,6.654622,161.2066,192.0794,184.1517,final
45992,2026-04-11T00:00:00,2,1009963,SS0702,119.0,9.907563,3.9596639,22.243698,8.392157,26.369747,10.614285,166.3853,203.43025,200.90416,final
45993,2026-04-21T00:00:00,2,1009963,SS0702,119.0,3.142857,9.257143,20.579832,15.989076,29.512604,19.87143,57.114227,121.87212,138.76405,final
45994,2026-05-01T00:00:00,2,1009963,SS0702,119.0,22.588236,23.160503,35.638657,36.37731,52.100838,43.031933,97.96784,98.21483,118.88099,final
45995,2026-05-11T00:00:00,2,1009963,SS0702,119.0,49.478992,22.064985,75.21008,54.48263,101.579834,65.09692,201.28955,134.84622,152.04639,final
45996,2026-05-21T00:00:00,2,1009963,SS0702,119.0,12.067227,31.146778,84.13446,76.37227,113.647064,96.23978,47.216454,109.539116,117.194115,final
45997,2026-06-01T00:00:00,2,1009963,SS0702,119.0,47.235294,40.448177,108.78151,93.65994,159.90756,135.70335,114.933754,115.32695,117.20229,final
45998,2026-06-11T00:00:00,2,1009963,SS0702,119.0,24.7479,39.143417,84.05042,110.73837,181.5042,173.61316,67.389206,76.94114,104.417946,final
45999,2026-06-21T00:00:00,2,1009963,SS0702,119.0,26.596638,39.67647,98.579834,119.26807,203.29411,211.62941,70.72322,83.35194,96.152275,final
46000,2026-07-01T00:00:00,2,1009963,SS0702,119.0,39.12605,51.459385,90.47058,130.27927,234.89075,260.31653,78.15539,70.57296,90.41681,final
46001,2026-07-11T00:00:00,2,1009963,SS0702,119.0,56.084034,52.984592,121.80672,144.12045,281.06723,309.34146,105.34528,85.03643,91.00525,final
46002,2026-07-21T00:00:00,2,1009963,SS0702,119.0,65.15966,64.17703,160.36975,168.621,343.08405,364.26135,101.42045,95.24755,94.26495,final
46003,2026-08-01T00:00:00,2,1009963,SS0702,119.0,85.35294,55.07703,206.59665,172.23866,405.84872,396.1779,150.39516,119.38516,102.410614,prelim
46004,2026-08-11T00:00:00,2,1009963,SS0702,119.0,45.82353,62.730812,196.33614,181.98488,402.19327,436.8437,75.03753,107.67509,92.15776,prelim
47625,2026-01-01T00:00:00,2,1009964,SS0801,150.0,0.0,0.0,0.0,0.0,28.2,53.446445,100.0,100.0,56.80414,final
47626,2026-01-11T00:00:00,2,1009964,SS0801,150.0,0.0,0.0,0.0,0.0,12.506668,27.584888,100.0,100.0,53.72634,final
47627,2026-01-21T00:00:00,2,1009964,SS0801,150.0,0.0,0.003111111,0.0,0.003111111,5.4266663,5.9195557,99.93782,99.93782,95.486176,final
47628,2026-02-01T00:00:00,2,1009964,SS0801,150.0,0.0,0.0,0.0,0.003111111,0.24666667,0.5782222,100.0,99.93782,94.05625,final
47629,2026-02-11T00:00:00,2,1009964,SS0801,150.0,0.02,0.02311111,0.02,0.026222222,0.099999994,0.06644444,99.93806,99.876205,100.6623,final
47630,2026-02-21T00:00:00,2,1009964,SS0801,150.0,1.0,0.82133335,1.02,0.84444445,1.0666666,0.8568889,103.069176,103.0038,103.581726,final
47631,2026-03-01T00:00:00,2,1009964,SS0801,150.0,1.84,2.1577778,2.8600001,3.002222,2.8600001,3.0053334,95.56039,98.22272,98.18455,final
47632,2026-03-11T00:00:00,2,1009964,SS0801,150.0,7.0066667,2.5506666,9.846666,5.5297775,9.866667,5.5559998,159.01465,140.99696,140.83618,final
47633,2026-03-21T00:00:00,2,1009964,SS0801,150.0,12.36,5.15,21.206665,9.858444,22.226665,10.706,171.03448,176.37556,173.352,final
47634,2026-04-01T00:00:00,2,1009964,SS0801,150.0,24.393333,9.136,43.760002,16.836666,46.62,19.842,207.93246,223.29416,207.79326,final
47635,2026-04-11T00:00:00,2,1009964,SS0801,150.0,7.72,11.635777,44.473335,25.921778,54.34,31.477777,76.46171,159.99512,162.6744,final
47636,2026-04-21T00:00:00,2,1009964,SS0801,150.0,9.533334,14.522667,41.646667,35.294445,63.873333,45.997334,74.44338,115.76451,135.05283,final
47637,2026-05-01T00:00:00,2,1009964,SS0801,150.0,7.18,26.408443,24.433334,52.56689,71.05333,72.40578,38.77938,51.12893,98.25278,final
47638,2026-05-11T00:00:00,2,1009964,SS0801,150.0,41.18,27.354221,57.893333,68.28533,112.21333,99.736885,142.73254,85.81981,111.91218,final
47639,2026-05-21T00:00:00,2,1009964,SS0801,150.0,29.486666,36.661335,77.846664,90.424,140.7,135.57689,82.77859,86.81953,103.64435,final
47640,2026-06-01T00:00:00,2,1009964,SS0801,150.0,49.18,46.822887,119.846664,110.83844,188.04001,180.242,104.54841,107.77655,104.209625,final
47641,2026-06-11T00:00:00,2,1009964,SS0801,150.0,29.54,48.662888,108.206665,132.14711,210.57333,226.35422,64.364784,82.54397,93.17891,final
47642,2026-06-21T00:00:00,2,1009964,SS0801,150.0,48.433334,45.384,127.153336,140.86978,246.64668,266.58823,106.05219,90.59679,92.65743,final
47643,2026-07-01T00:00:00,2,1009964,SS0801,150.0,61.78,59.34911,139.75333,153.396,284.03333,316.80133,103.77766,91.386986,89.817314,final
47644,2026-07-11T00:00:00,2,1009964,SS0801,150.0,44.81333,56.176666,155.02667,160.90977,321.12668,361.34222,81.425385,96.45403,89.02241,final
47645,2026-07-21T00:00:00,2,1009964,SS0801,150.0,41.8,67.67511,148.39333,183.20088,353.3933,414.49466,64.39619,81.505104,85.43453,final
47646,2026-08-01T00:00:00,2,1009964,SS0801,150.0,55.18,61.43111,141.79333,185.28288,401.39328,449.51733,90.59009,77.14479,89.41205,prelim
47647,2026-08-11T00:00:00,2,1009964,SS0801,150.0,49.0,62.293777,145.98,191.4,409.21332,484.4569,80.24516,76.873726,84.62713,prelim
49268,2026-01-01T00:00:00,2,1009965,SS0802,146.0,0.0,0.0,0.0,0.0,25.49315,53.07146,100.0,100.0,52.5097,final
49269,2026-01-11T00:00:00,2,1009965,SS0802,146.0,0.0,0.0,0.0,0.0,12.2739725,27.210958,100.0,100.0,53.62762,final
49270,2026-01-21T00:00:00,2,1009965,SS0802,146.0,0.0,0.0,0.0,0.0,3.6849315,5.6004567,100.0,100.0,81.929794,final
49271,2026-02-01T00:00:00,2,1009965,SS0802,146.0,0.0,0.0,0.0,0.0,0.33561644,0.58013695,100.0,100.0,95.61803,final
49272,2026-02-11T00:00:00,2,1009965,SS0802,146.0,0.0,0.0,0.0,0.0,0.1849315,0.17442922,100.0,100.0,100.20296,final
49273,2026-02-21T00:00:00,2,1009965,SS0802,146.0,0.5273973,0.39726028,0.5273973,0.39726028,0.65068495,0.5020548,102.41116,102.41116,102.701355,final
49274,2026-03-01T00:00:00,2,1009965,SS0802,146.0,1.2191781,1.512557,1.7465754,1.9098173,1.7465754,1.9098173,95.495186,97.63754,97.63754,final
49275,2026-03-11T00:00:00,2,1009965,SS0802,146.0,5.5684934,1.9541095,7.3150687,3.863927,7.3150687,3.863927,151.9748,138.93468,138.93468,final
49276,2026-03-21T00:00:00,2,1009965,SS0802,146.0,8.938356,4.882877,15.726028,8.349544,16.253426,8.746803,141.03542,155.25647,154.60631,final
49277,2026-04-01T00:00:00,2,1009965,SS0802,146.0,23.986301,9.878082,38.49315,16.715069,40.239727,18.624886,194.82552,200.29018,191.49184,final
49278,2026-04-11T00:00:00,2,1009965,SS0802,146.0,9.219178,12.739269,42.143837,27.500229,49.458904,31.364155,80.1565,145.05695,149.75986,final
49279,2026-04-21T00:00:00,2,1009965,SS0802,146.0,8.102739,15.419178,41.30822,38.03653,57.561646,46.783333,64.168785,107.60212,120.814255,final
49280,2026-05-01T00:00:00,2,1009965,SS0802,146.0,8.143836,29.971233,25.465755,58.12968,65.70548,76.75457,37.584705,48.259007,86.485054,final
49281,2026-05-11T00:00:00,2,1009965,SS0802,146.0,45.568493,30.717123,61.815067,76.10754,111.27397,107.47169,141.58052,82.378365,103.38065,final
49282,2026-05-21T00:00:00,2,1009965,SS0802,146.0,32.184933,39.604794,85.89726,100.29315,142.93152,146.67923,83.365326,86.327805,97.52918,final
49283,2026-06-01T00:00:00,2,1009965,SS0802,146.0,44.71233,45.326942,122.46576,115.64886,186.42465,190.4936,98.77876,105.6502,97.918625,final
49284,2026-06-11T00:00:00,2,1009965,SS0802,146.0,29.013699,47.569405,105.910965,132.50114,209.86987,236.1089,64.70246,80.66185,89.117355,final
49285,2026-06-21T00:00:00,2,1009965,SS0802,146.0,57.71233,45.59475,131.43835,138.49109,258.64386,276.82077,123.950264,95.0849,93.550186,final
49286,2026-07-01T00:00:00,2,1009965,SS0802,146.0,60.21233,58.368263,146.93835,151.53242,294.86987,325.31097,102.91008,97.065094,90.78411,final
49287,2026-07-11T00:00:00,2,1009965,SS0802,146.0,45.575344,55.38356,163.5,159.34657,331.22604,367.95526,83.75681,102.52724,90.15185,final
49288,2026-07-21T00:00:00,2,1009965,SS0802,146.0,46.171234,67.55137,151.95891,181.30319,369.29453,420.08743,70.531044,84.24918,88.051186,final
49289,2026-08-01T00:00:00,2,1009965,SS0802,146.0,57.561646,63.08539,149.30823,186.02032,418.71234,453.2016,91.88704,80.78105,92.47291,prelim
49290,2026-08-11T00:00:00,2,1009965,SS0802,146.0,52.431507,62.734474,156.16438,193.37123,425.57535,485.21896,84.789185,81.24383,87.83327,prelim
50911,2026-01-01T00:00:00,2,1009966,SS0602,112.0,0.0,0.0,0.0,0.0,45.258926,56.500893,100.0,100.0,81.72064,final
50912,2026-01-11T00:00:00,2,1009966,SS0602,112.0,0.0,0.0,0.0,0.0,22.508928,27.241667,100.0,100.0,85.321045,final
50913,2026-01-21T00:00:00,2,1009966,SS0602,112.0,0.0,0.0,0.0,0.0,8.258928,4.0988097,100.0,100.0,145.72157,final
50914,2026-02-01T00:00:00,2,1009966,SS0602,112.0,0.0,0.0,0.0,0.0,0.0,0.014583333,100.0,100.0,99.70919,final
50915,2026-02-11T00:00:00,2,1009966,SS0602,112.0,0.0,0.0005952381,0.0,0.0005952381,0.0,0.0029761905,99.9881,99.9881,99.940506,final
50916,2026-02-21T00:00:00,2,1009966,SS0602,112.0,0.125,0.15535714,0.125,0.15595238,0.125,0.15833333,99.41115,99.39967,99.3538,final
50917,2026-03-01T00:00:00,2,1009966,SS0602,112.0,1.0,1.102381,1.125,1.2583333,1.125,1.2583333,98.32228,97.86951,97.86951,final
50918,2026-03-11T00:00:00,2,1009966,SS0602,112.0,3.392857,1.3857143,4.517857,2.6434524,4.517857,2.6440475,131.43176,124.522995,124.513306,final
50919,2026-03-21T00:00:00,2,1009966,SS0602,112.0,4.651786,2.703869,9.044643,5.191964,9.169643,5.3479166,125.28492,137.80115,136.93233,final
50920,2026-04-01T00:00:00,2,1009966,SS0602,112.0,18.544643,5.7982144,26.589287,9.887797,27.714287,11.146131,218.04202,212.1824,202.6138,final
50921,2026-04-11T00:00:00,2,1009966,SS0602,112.0,7.258929,7.436012,30.455359,15.938095,34.973217,18.582144,98.57604,169.33423,169.50629,final
50922,2026-04-21T00:00:00,2,1009966,SS0602,112.0,12.651786,11.722917,38.455357,24.957142,47.625004,30.30506,105.55449,145.05841,149.05795,final
50923,2026-05-01T00:00:00,2,1009966,SS0602,112.0,16.205357,24.322618,36.116074,43.48155,63.83036,54.627678,72.317406,84.80768,115.43357,final
50924,2026-05-11T00:00:00,2,1009966,SS0602,112.0,40.94643,24.784225,69.80357,60.82976,104.776794,79.41131,154.26431,113.63186,130.04987,final
50925,2026-05-21T00:00:00,2,1009966,SS0602,112.0,23.276785,34.256546,80.42857,83.363396,127.92858,113.5125,72.030754,96.678696,112.1642,final
50926,2026-06-01T00:00:00,2,1009966,SS0602,112.0,45.49107,45.72649,109.71428,104.76726,172.41965,158.13661,99.535904,104.50683,108.75526,final
50927,2026-06-11T00:00:00,2,1009966,SS0602,112.0,28.982143,41.60506,97.75,121.5881,198.00893,198.35596,72.91514,81.16877,99.829346,final
50928,2026-06-21T00:00:00,2,1009966,SS0602,112.0,33.401787,43.79732,107.875,131.12888,226.75894,239.4494,78.69651,82.91775,94.808556,final
50929,2026-07-01T00:00:00,2,1009966,SS0602,112.0,51.651787,51.854168,114.03572,137.25655,259.8661,285.50537,99.644035,83.676796,91.17425,final
50930,2026-07-11T00:00:00,2,1009966,SS0602,112.0,43.375,50.9128,128.42857,146.56429,295.98215,328.98215,86.518654,88.03431,90.11923,final
50931,2026-07-21T00:00:00,2,1009966,SS0602,112.0,46.455357,62.875893,141.48215,165.64285,329.78574,380.13513,75.808,85.84136,86.92683,final
50932,2026-08-01T00:00:00,2,1009966,SS0602,112.0,57.964287,58.612797,147.79465,172.40149,371.54465,414.4253,98.98054,86.12929,89.77633,prelim
50933,2026-08-11T00:00:00,2,1009966,SS0602,112.0,31.839285,62.28512,136.25893,183.7738,362.43753,451.92618,54.751015,74.82973,80.41508,prelim
52554,2026-01-01T00:00:00,2,1009967,SS1002,315.0,1.5523809,2.2821164,5.8190475,4.9708996,192.83492,192.38264,89.97908,108.50624,100.22913,final
52555,2026-01-11T00:00:00,2,1009967,SS1002,315.0,1.3396826,2.4178836,6.2095237,6.0519576,117.3873,131.24106,85.46484,101.42568,89.831436,final
52556,2026-01-21T00:00:00,2,1009967,SS1002,315.0,3.2349207,3.916402,6.1269846,8.616403,60.085712,69.68434,92.356995,81.71751,87.14773,final
52557,2026-02-01T00:00:00,2,1009967,SS1002,315.0,6.6539683,3.7506878,11.228571,10.084973,32.393654,48.33291,133.17775,107.58104,70.11366,final
52558,2026-02-11T00:00:00,2,1009967,SS1002,315.0,12.8,5.031746,22.688889,12.698836,39.285713,36.368675,177.43669,156.44469,107.05132,final
52559,2026-02-21T00:00:00,2,1009967,SS1002,315.0,4.95873,6.7433863,24.412699,15.525821,39.7746,31.608677,84.80289,143.29608,122.30598,final
52560,2026-03-01T00:00:00,2,1009967,SS1002,315.0,3.1015873,17.357355,20.860317,29.132486,37.907936,44.18836,36.236786,75.764534,87.231895,final
52561,2026-03-11T00:00:00,2,1009967,SS1002,315.0,41.377777,22.875978,49.438095,46.97672,78.33651,65.727516,166.37184,104.73554,117.82756,final
52562,2026-03-21T00:00:00,2,1009967,SS1002,315.0,64.577774,26.614496,109.05714,66.84783,139.59682,90.99005,220.08188,158.7482,150.6373,final
52563,2026-04-01T00:00:00,2,1009967,SS1002,315.0,28.244444,39.008465,134.2,88.49894,166.28888,127.7164,75.54102,148.8787,129.06383,final
52564,2026-04-11T00:00:00,2,1009967,SS1002,315.0,32.647617,50.24286,125.46983,115.86582,197.59682,175.54138,68.14929,107.946014,112.21628,final
52565,2026-04-21T00:00:00,2,1009967,SS1002,315.0,60.28254,49.07492,121.1746,138.32625,254.64444,220.69989,120.7261,88.03314,115.03968,final
52566,2026-05-01T00:00:00,2,1009967,SS1002,315.0,51.44762,58.103493,144.37778,157.42126,299.4381,275.0527,89.45245,91.969345,108.70744,final
52567,2026-05-11T00:00:00,2,1009967,SS1002,315.0,68.492065,60.861588,180.22223,168.04,355.13016,330.88254,111.58563,107.04013,107.21908,final
52568,2026-05-21T00:00:00,2,1009967,SS1002,315.0,44.857143,64.52434,164.79683,183.48941,395.02856,388.66348,71.711784,90.082954,101.61688,final
52569,2026-06-01T00:00:00,2,1009967,SS1002,315.0,77.1873,62.212276,190.53651,187.5982,469.11432,433.51843,122.28019,101.52562,108.11731,final
52570,2026-06-11T00:00:00,2,1009967,SS1002,315.0,37.549206,70.40889,159.59366,197.14551,465.2857,481.05133,56.424652,81.423355,96.756386,final
52571,2026-06-21T00:00:00,2,1009967,SS1002,315.0,52.450794,59.525608,167.1873,192.14677,453.15875,513.96246,89.03565,87.33965,88.2836,final
52572,2026-07-01T00:00:00,2,1009967,SS1002,315.0,68.403175,58.79704,158.40317,188.73154,493.31747,533.75104,115.057335,84.34515,92.49495,final
52573,2026-07-11T00:00:00,2,1009967,SS1002,315.0,39.961906,60.626667,160.81589,178.94931,500.63174,544.1348,68.51165,90.14216,92.07789,final
52574,2026-07-21T00:00:00,2,1009967,SS1002,315.0,48.107937,64.2091,156.47302,183.6328,488.45715,559.269,76.73548,85.601776,87.4507,final
52575,2026-08-01T00:00:00,2,1009967,SS1002,315.0,43.352383,66.86074,131.42223,191.6965,480.36194,568.02625,67.28623,69.35671,84.70152,prelim
52576,2026-08-11T00:00:00,2,1009967,SS1002,315.0,40.0127,64.99693,131.47302,196.06677,451.88257,572.16156,64.30668,67.87448,79.160255,prelim
54197,2026-01-01T00:00:00,2,1009968,SS0202,116.0,1.4741379,3.2890804,33.060345,15.4896555,306.43967,156.26006,78.104416,185.75397,193.12883,final
54198,2026-01-11T00:00:00,2,1009968,SS0202,116.0,1.5431035,2.753161,22.275864,12.206322,245.45691,124.52816,84.392715,158.52234,193.36096,final
54199,2026-01-21T00:00:00,2,1009968,SS0202,116.0,3.4224138,4.312931,6.4396553,10.355172,75.37069,87.668106,90.43784,74.50034,86.72961,final
54200,2026-02-01T00:00:00,2,1009968,SS0202,116.0,14.327586,4.425575,19.293102,11.491667,66.81896,66.86264,205.05472,147.30533,99.939224,final
54201,2026-02-11T00:00:00,2,1009968,SS0202,116.0,29.474138,5.5850573,47.224136,14.323564,90.87069,54.964943,325.6868,270.26144,159.8779,final
54202,2026-02-21T00:00:00,2,1009968,SS0202,116.0,25.0,5.9649425,68.80173,15.9755745,113.69827,46.200863,273.59924,351.84604,231.82866,final
54203,2026-03-01T00:00:00,2,1009968,SS0202,116.0,23.344828,13.04339,77.81896,24.593391,130.17241,51.574715,157.09259,279.85626,238.92725,final
54204,2026-03-11T00:00:00,2,1009968,SS0202,116.0,43.12931,16.726149,91.47414,35.73448,160.97414,62.264366,221.52713,236.83653,246.74898,final
54205,2026-03-21T00:00:00,2,1009968,SS0202,116.0,79.31035,25.826725,145.78448,55.596264,221.02586,81.92701,273.4976,248.83464,260.018,final
54206,2026-04-01T00:00:00,2,1009968,SS0202,116.0,19.0,31.049137,141.43967,73.60201,238.55173,109.687065,66.5758,186.30524,212.36198,final
54207,2026-04-11T00:00:00,2,1009968,SS0202,116.0,6.1551723,34.307472,104.46552,91.183334,243.16379,141.24138,28.379267,113.80924,169.69466,final
54208,2026-04-21T00:00:00,2,1009968,SS0202,116.0,58.146553,40.268677,83.30173,105.62529,297.88794,177.19713,139.49283,79.820564,166.24188,final
54209,2026-05-01T00:00:00,2,1009968,SS0202,116.0,75.00862,49.537643,139.31035,124.11379,358.56897,222.30919,146.70348,111.76989,159.94469,final
54210,2026-05-11T00:00:00,2,1009968,SS0202,116.0,78.51724,46.998276,211.67242,136.8046,407.6121,263.7224,160.6154,152.79648,153.54584,final
54211,2026-05-21T00:00:00,2,1009968,SS0202,116.0,26.775862,40.997414,180.30173,137.53333,409.38794,298.75488,69.08184,130.00589,136.42183,final
54212,2026-06-01T00:00:00,2,1009968,SS0202,116.0,23.206896,44.68994,128.5,132.68564,409.25,330.40143,56.76581,96.96,123.50871,final
54213,2026-06-11T00:00:00,2,1009968,SS0202,116.0,9.913794,43.640804,59.896553,129.32816,376.0345,357.3161,30.661076,48.31195,105.16631,final
54214,2026-06-21T00:00:00,2,1009968,SS0202,116.0,22.525862,39.76408,55.646553,128.09483,319.25,371.25345,61.49096,45.56642,86.17861,final
54215,2026-07-01T00:00:00,2,1009968,SS0202,116.0,27.672413,47.461494,60.11207,130.86638,327.92242,387.6658,62.278843,47.923607,84.78519,final
54216,2026-07-11T00:00:00,2,1009968,SS0202,116.0,25.698277,50.736206,75.896545,137.96178,347.4655,404.09454,55.077805,56.586136,86.15747,final
54217,2026-07-21T00:00:00,2,1009968,SS0202,116.0,42.224136,62.396553,95.594826,160.59425,331.5431,426.2224,70.06907,60.74778,78.04397,final
54218,2026-08-01T00:00:00,2,1009968,SS0202,116.0,59.818966,53.383335,127.74138,166.5161,316.35345,430.0681,111.02307,77.39295,73.86279,prelim
54219,2026-08-11T00:00:00,2,1009968,SS0202,116.0,30.439655,52.20747,132.48276,167.98735,268.27588,435.27728,61.94935,79.47561,62.069042,prelim
55840,2026-01-01T00:00:00,2,1009969,SS0101,597.0,1.1876047,1.562479,10.58124,6.1454496,145.94304,174.97766,94.28761,139.79912,83.86765,final
55841,2026-01-11T00:00:00,2,1009969,SS0101,597.0,0.59799,0.92116135,9.690117,4.598604,117.93468,130.00676,94.5421,153.04431,91.05817,final
55842,2026-01-21T00:00:00,2,1009969,SS0101,597.0,1.0921273,1.792239,2.877722,4.2758794,53.237854,82.00547,89.692474,84.926956,66.93585,final
55843,2026-02-01T00:00:00,2,1009969,SS0101,597.0,4.0,2.6075377,5.6901174,5.320938,33.482414,55.310104,118.30372,103.576996,63.80757,final
55844,2026-02-11T00:00:00,2,1009969,SS0101,597.0,8.633165,3.4249022,13.725292,7.824679,32.656616,36.782467,161.81987,146.00984,90.1254,final
55845,2026-02-21T00:00:00,2,1009969,SS0101,597.0,6.798995,4.636404,19.43216,10.668844,35.603016,26.315355,122.44189,155.92828,129.65848,final
55846,2026-03-01T00:00:00,2,1009969,SS0101,597.0,5.5360136,11.136851,20.968174,19.198156,37.239532,30.664545,65.29163,107.31468,118.435646,final
55847,2026-03-11T00:00:00,2,1009969,SS0101,597.0,22.542713,14.184869,34.877724,29.958124,58.293133,42.38141,143.56479,114.072845,133.58221,final
55848,2026-03-21T00:00:00,2,1009969,SS0101,597.0,73.71357,21.231045,101.7923,46.552765,124.10218,61.497486,300.0779,207.15144,194.14595,final
55849,2026-04-01T00:00:00,2,1009969,SS0101,597.0,28.790619,33.94774,125.046906,69.363655,151.7052,93.88275,86.75887,174.87965,158.47577,final
55850,2026-04-11T00:00:00,2,1009969,SS0101,597.0,19.648241,43.999107,122.15243,99.17789,170.75545,136.9607,50.303448,122.053185,123.80571,final
55851,2026-04-21T00:00:00,2,1009969,SS0101,597.0,75.983246,46.15204,124.422104,124.098885,245.64656,181.3205,158.31871,100.250374,134.52441,final
55852,2026-05-01T00:00:00,2,1009969,SS0101,597.0,43.98995,47.502514,139.62143,137.65366,285.6365,226.21547,93.309715,101.37941,125.699425,final
55853,2026-05-11T00:00:00,2,1009969,SS0101,597.0,38.73032,45.71714,158.7035,139.37169,315.73367,268.5077,86.223946,113.39031,117.266785,final
55854,2026-05-21T00:00:00,2,1009969,SS0101,597.0,20.20268,46.75025,102.92295,139.96991,329.13733,310.62155,48.700596,74.44507,105.86645,final
55855,2026-06-01T00:00:00,2,1009969,SS0101,597.0,26.252932,46.87599,85.18593,139.34338,349.85425,346.3607,60.24547,62.48013,100.994286,final
55856,2026-06-11T00:00:00,2,1009969,SS0101,597.0,9.80402,40.62887,56.259632,134.25511,337.11557,372.8047,32.444416,43.99094,90.55355,final
55857,2026-06-21T00:00:00,2,1009969,SS0101,597.0,22.639866,44.093468,58.69682,131.59833,286.04187,395.6671,56.3005,46.630745,72.63932,final
55858,2026-07-01T00:00:00,2,1009969,SS0101,597.0,52.058628,50.60882,84.50252,135.33116,309.30988,412.3282,102.607155,63.779503,75.3148,final
55859,2026-07-11T00:00:00,2,1009969,SS0101,597.0,28.817421,52.75684,103.515915,147.45914,318.47903,421.08594,58.551373,71.17705,75.91873,final
55860,2026-07-21T00:00:00,2,1009969,SS0101,597.0,48.988274,56.31273,129.86432,159.67839,291.4841,431.2466,88.05394,81.89558,67.962494,final
55861,2026-08-01T00:00:00,2,1009969,SS0101,597.0,34.0402,48.27571,111.845894,157.34528,281.53433,432.01984,73.27955,71.973694,65.56552,prelim
55862,2026-08-11T00:00:00,2,1009969,SS0101,597.0,34.603016,44.737186,117.631485,149.32562,277.40704,431.03986,79.62456,79.462814,64.766335,prelim
57483,2026-01-01T00:00:00,2,1009970,SS0901,329.0,0.0,0.00881459,0.0,0.00881459,67.756836,98.493416,99.82401,99.82401,70.300934,final
57484,2026-01-11T00:00:00,2,1009970,SS0901,329.0,0.0060790274,0.020466058,0.0060790274,0.029280648,35.623104,53.22989,99.71344,99.53867,69.76332,final
57485,2026-01-21T00:00:00,2,1009970,SS0901,329.0,0.29787233,0.2827761,0.30395135,0.31205675,12.419453,14.718034,100.28577,99.84742,88.34275,final
57486,2026-02-01T00:00:00,2,1009970,SS0901,329.0,0.23100305,0.19179331,0.5349544,0.49503547,3.182371,4.9176292,100.75522,100.72645,82.503296,final
57487,2026-02-11T00:00:00,2,1009970,SS0901,329.0,0.6443769,0.59777105,1.1732522,1.0723405,2.8206687,2.9945288,100.83257,101.66183,97.82526,final
57488,2026-02-21T00:00:00,2,1009970,SS0901,329.0,2.118541,1.5644376,2.9939208,2.354002,4.282675,3.6491387,108.44099,108.70164,107.32485,final
57489,2026-03-01T00:00:00,2,1009970,SS0901,329.0,5.1155014,4.175785,7.8784194,6.337994,8.413374,6.841844,110.24126,113.58641,113.27099,final
57490,2026-03-11T00:00:00,2,1009970,SS0901,329.0,14.890577,5.5867276,22.124619,11.32695,23.303951,12.428572,187.8822,166.13402,162.39972,final
57491,2026-03-21T00:00:00,2,1009970,SS0901,329.0,29.939209,10.139109,49.94529,19.90162,53.24316,22.56768,230.78775,220.64946,211.27333,final
57492,2026-04-01T00:00:00,2,1009970,SS0901,329.0,27.085106,17.220161,71.914894,32.946,80.32826,39.779026,144.39636,202.69565,190.55408,final
57493,2026-04-11T00:00:00,2,1009970,SS0901,329.0,11.203648,22.706484,68.22797,50.065754,91.52583,62.465046,58.48323,132.98277,143.07533,final
57494,2026-04-21T00:00:00,2,1009970,SS0901,329.0,18.696049,24.02999,56.984802,63.956635,109.92401,86.21226,81.62611,89.88954,125.99623,final
57495,2026-05-01T00:00:00,2,1009970,SS0901,329.0,16.215805,37.95755,46.1155,84.69402,125.90881,123.97801,49.387836,56.988747,101.496994,final
57496,2026-05-11T00:00:00,2,1009970,SS0901,329.0,50.531914,37.271732,85.44377,99.25927,175.79636,160.65198,131.36891,86.7489,109.14229,final
57497,2026-05-21T00:00:00,2,1009970,SS0901,329.0,31.455927,43.73911,98.20364,118.96839,205.13373,202.82664,74.798096,83.24997,101.1101,final
57498,2026-06-01T00:00:00,2,1009970,SS0901,329.0,50.632217,53.88997,132.62006,134.90082,250.65047,252.54083,94.46807,98.36973,99.26599,final
57499,2026-06-11T00:00:00,2,1009970,SS0901,329.0,35.744682,58.742756,117.832825,156.37184,271.50455,305.69687,63.92049,76.11788,88.99496,final
57500,2026-06-21T00:00:00,2,1009970,SS0901,329.0,74.93009,51.697365,161.30699,164.3301,316.49542,347.25513,140.97673,98.21467,91.26778,final
57501,2026-07-01T00:00:00,2,1009970,SS0901,329.0,68.455925,61.22675,179.1307,171.66687,357.86627,391.26172,110.9158,104.224815,91.57237,final
57502,2026-07-11T00:00:00,2,1009970,SS0901,329.0,42.82979,54.094933,186.2158,167.01904,389.49243,422.65015,80.93721,111.15967,92.24654,final
57503,2026-07-21T00:00:00,2,1009970,SS0901,329.0,59.30091,70.77781,170.58662,186.0995,430.09723,469.39798,84.85454,91.8823,91.71566,final
57504,2026-08-01T00:00:00,2,1009970,SS0901,329.0,65.38906,65.39838,167.51976,190.27112,479.27054,496.8388,99.98677,88.34884,96.49922,prelim
57505,2026-08-11T00:00:00,2,1009970,SS0901,329.0,51.92705,63.286827,176.61702,199.46301,480.66568,522.8539,83.36462,88.82635,92.0076,prelim
59126,2026-01-01T00:00:00,2,1009971,SS0102,83.0,2.819277,2.88755,27.903616,13.086747,225.71083,235.69318,99.134415,181.92116,95.85267,final
59127,2026-01-11T00:00:00,2,1009971,SS0102,83.0,1.0,1.741767,26.927711,9.65743,189.01204,182.25502,88.997444,217.82613,103.60845,final
59128,2026-01-21T00:00:00,2,1009971,SS0102,83.0,1.2289157,2.7389557,5.048193,7.3682733,87.51807,121.42369,80.48781,81.241684,73.180954,final
59129,2026-02-01T00:00:00,2,1009971,SS0102,83.0,12.542169,4.6799197,14.771084,9.160643,72.60241,86.08072,181.22223,139.61996,85.2018,final
59130,2026-02-11T00:00:00,2,1009971,SS0102,83.0,21.53012,5.646185,35.301205,13.065061,75.6747,60.98795,249.1984,223.08925,122.25672,final
59131,2026-02-21T00:00:00,2,1009971,SS0102,83.0,17.361446,7.407229,51.433735,17.733334,88.87952,45.714058,180.22919,248.24223,185.11537,final
59132,2026-03-01T00:00:00,2,1009971,SS0102,83.0,12.578313,14.091566,51.46988,27.14498,94.144585,49.39237,92.0737,175.67245,182.27664,final
59133,2026-03-11T00:00:00,2,1009971,SS0102,83.0,36.385544,16.913654,66.3253,38.41245,128.55423,61.13494,188.85735,164.29689,201.94202,final
59134,2026-03-21T00:00:00,2,1009971,SS0102,83.0,75.084335,27.76024,124.04819,58.76546,180.53012,83.867065,244.45589,202.37944,208.77263,final
59135,2026-04-01T00:00:00,2,1009971,SS0102,83.0,28.27711,42.738556,139.747,87.41245,205.98796,123.71807,69.706985,156.63148,163.9148,final
59136,2026-04-11T00:00:00,2,1009971,SS0102,83.0,30.975904,50.543373,134.33734,121.04217,235.96387,172.51968,64.770836,110.548195,135.73924,final
59137,2026-04-21T00:00:00,2,1009971,SS0102,83.0,86.85542,50.950603,146.10843,144.23253,321.5904,220.73132,164.17235,101.25703,144.68103,final
59138,2026-05-01T00:00:00,2,1009971,SS0102,83.0,46.44578,52.286346,164.27711,153.78032,355.494,268.33777,89.80461,106.61089,131.88591,final
59139,2026-05-11T00:00:00,2,1009971,SS0102,83.0,46.650604,51.345383,179.95181,154.58234,380.61444,314.03696,91.667854,115.897415,120.86826,final
59140,2026-05-21T00:00:00,2,1009971,SS0102,83.0,19.060242,50.617672,112.15663,154.24939,382.31323,357.24738,43.260063,73.56803,106.91954,final
59141,2026-06-01T00:00:00,2,1009971,SS0102,83.0,36.518074,50.853413,102.22892,152.81647,406.253,394.00925,74.33399,67.94533,103.06853,final
59142,2026-06-11T00:00:00,2,1009971,SS0102,83.0,12.301205,48.600403,67.87952,150.07149,382.16867,425.69598,32.278122,46.997368,89.89373,final
59143,2026-06-21T00:00:00,2,1009971,SS0102,83.0,17.26506,48.993576,66.084335,148.44739,324.34943,446.92932,41.2365,46.32489,72.87631,final
59144,2026-07-01T00:00:00,2,1009971,SS0102,83.0,64.75903,53.09197,94.3253,150.68594,360.83136,457.28275,120.083786,63.798504,79.13585,final
59145,2026-07-11T00:00:00,2,1009971,SS0102,83.0,28.662651,53.344578,110.686745,155.43011,358.51807,460.08392,57.69628,72.11037,78.16183,final
59146,2026-07-21T00:00:00,2,1009971,SS0102,83.0,44.277107,60.674297,137.69879,167.11084,315.93976,469.80765,75.032555,82.91099,67.593636,final
59147,2026-08-01T00:00:00,2,1009971,SS0102,83.0,47.373493,56.24739,120.31325,170.26627,316.86746,473.76868,85.51138,71.49878,67.22818,prelim
59148,2026-08-11T00:00:00,2,1009971,SS0102,83.0,36.614456,52.628914,128.26506,169.5506,306.8313,475.05222,72.21107,76.34753,64.95779,prelim
60769,2026-01-01T00:00:00,2,1009972,SS0203,875.0,1.8308572,3.297562,54.042282,20.832115,163.35428,137.4903,82.32367,228.56154,118.151405,final
60770,2026-01-11T00:00:00,2,1009972,SS0203,875.0,1.4011428,2.9539049,31.834284,15.286705,131.21371,118.93379,80.47799,181.56857,109.90845,final
60771,2026-01-21T00:00:00,2,1009972,SS0203,875.0,2.3154285,4.0649524,5.547428,10.316419,83.578285,99.99101,80.70013,68.86354,84.36749,final
60772,2026-02-01T00:00:00,2,1009972,SS0203,875.0,8.118857,5.7138286,11.835428,12.732686,81.03315,82.56408,122.44788,94.940094,98.25165,final
60773,2026-02-11T00:00:00,2,1009972,SS0203,875.0,12.993143,6.761752,23.42743,16.540533,87.552,70.55212,152.98012,131.9718,122.50087,final
60774,2026-02-21T00:00:00,2,1009972,SS0203,875.0,34.290287,7.3697524,55.402287,19.845333,118.72,60.82815,317.63193,243.1132,187.9439,final
60775,2026-03-01T00:00:00,2,1009972,SS0203,875.0,45.434284,14.829828,92.71771,28.961334,158.59541,62.526134,254.33545,287.73224,242.26976,final
60776,2026-03-11T00:00:00,2,1009972,SS0203,875.0,32.650284,16.338781,112.374855,38.53836,167.63657,70.3656,176.44064,269.5895,229.06546,final
60777,2026-03-21T00:00:00,2,1009972,SS0203,875.0,65.69714,25.683353,143.78171,56.851963,204.73143,87.01372,230.40878,240.54485,227.93495,final
60778,2026-04-01T00:00:00,2,1009972,SS0203,875.0,19.089144,24.881332,117.43657,66.903465,221.98972,108.59749,80.61603,170.2791,199.8193,final
60779,2026-04-11T00:00:00,2,1009972,SS0203,875.0,9.894857,28.746592,94.681145,79.31128,230.48341,134.39017,44.13737,118.229904,168.93832,final
60780,2026-04-21T00:00:00,2,1009972,SS0203,875.0,54.558857,29.164915,83.54286,82.79284,282.72684,159.49013,174.32753,100.85432,174.92043,final
60781,2026-05-01T00:00:00,2,1009972,SS0203,875.0,58.461716,28.809296,122.91543,86.7208,333.0697,182.5856,187.70493,139.46175,180.22156,final
60782,2026-05-11T00:00:00,2,1009972,SS0203,875.0,33.95657,26.41722,146.97714,84.391426,354.0331,202.24106,123.99751,170.0131,173.2442,final
60783,2026-05-21T00:00:00,2,1009972,SS0203,875.0,15.078857,24.871923,107.49715,80.098434,334.8217,219.74324,67.216484,132.1965,151.2044,final
60784,2026-06-01T00:00:00,2,1009972,SS0203,875.0,5.1965714,20.715048,54.232,72.00419,294.58398,225.62845,39.652157,76.920494,129.89897,final
60785,2026-06-11T00:00:00,2,1009972,SS0203,875.0,4.944,19.396229,25.219429,64.9832,266.87772,228.68591,40.7604,43.180977,116.34322,final
60786,2026-06-21T00:00:00,2,1009972,SS0203,875.0,10.723429,18.1544,20.864,58.265675,211.904,221.15695,67.906876,40.88157,95.908615,final
60787,2026-07-01T00:00:00,2,1009972,SS0203,875.0,11.326858,27.847391,26.994286,65.39802,204.14172,224.12302,49.705196,45.44771,91.27923,final
60788,2026-07-11T00:00:00,2,1009972,SS0203,875.0,15.785143,24.241943,37.835426,70.24374,210.032,219.61836,71.079895,56.92889,95.732155,final
60789,2026-07-21T00:00:00,2,1009972,SS0203,875.0,16.28457,33.3512,43.39657,85.44054,171.75772,223.80464,55.4991,53.51203,77.25268,final
60790,2026-08-01T00:00:00,2,1009972,SS0203,875.0,13.617143,22.981104,45.686855,80.57425,126.91314,217.97646,66.53469,59.231438,59.160126,prelim
60791,2026-08-11T00:00:00,2,1009972,SS0203,875.0,11.922286,27.311657,41.824,83.64396,104.87885,218.8709,52.37208,52.822556,49.081345,prelim
62412,2026-01-01T00:00:00,2,1009973,SS0204,187.0,1.5989305,1.7046345,27.957218,13.395366,174.88237,136.81247,98.423416,179.16043,126.84524,final
62413,2026-01-11T00:00:00,2,1009973,SS0204,187.0,1.0,1.111943,18.898396,8.671836,144.57755,105.73725,98.16845,174.80019,135.07428,final
62414,2026-01-21T00:00:00,2,1009973,SS0204,187.0,1.513369,1.9392157,4.1122994,4.755793,67.27807,72.82032,93.86319,93.403984,92.87814,final
62415,2026-02-01T00:00:00,2,1009973,SS0204,187.0,5.042781,3.3939395,7.55615,6.445098,54.31016,54.679855,119.643234,109.70768,99.38054,final
62416,2026-02-11T00:00:00,2,1009973,SS0204,187.0,7.3262033,4.703387,13.882353,10.036542,53.6631,45.202496,127.02992,125.57644,116.85297,final
62417,2026-02-21T00:00:00,2,1009973,SS0204,187.0,13.13369,5.0368986,25.502674,13.134225,63.06952,38.4287,180.67024,168.20502,156.73857,final
62418,2026-03-01T00:00:00,2,1009973,SS0204,187.0,11.197861,12.603565,31.657753,22.343851,67.17112,42.184315,92.014656,134.06215,152.95575,final
62419,2026-03-11T00:00:00,2,1009973,SS0204,187.0,32.524063,13.121925,56.855614,30.762388,89.63636,49.470768,207.06444,172.96275,173.73788,final
62420,2026-03-21T00:00:00,2,1009973,SS0204,187.0,63.625668,22.373083,107.347595,48.098576,136.96257,65.988594,250.70493,211.58307,199.97942,final
62421,2026-04-01T00:00:00,2,1009973,SS0204,187.0,16.791445,21.33173,112.94118,56.826736,152.15508,85.615685,82.75736,190.7608,173.43033,final
62422,2026-04-11T00:00:00,2,1009973,SS0204,187.0,9.973262,24.879145,90.39037,68.583954,161.12834,109.38289,50.112755,129.63475,145.2388,final
62423,2026-04-21T00:00:00,2,1009973,SS0204,187.0,50.144386,26.15508,76.90909,72.36595,209.75937,133.59875,176.99965,105.87228,154.95042,final
62424,2026-05-01T00:00:00,2,1009973,SS0204,187.0,53.47059,29.67344,113.58824,80.707664,258.18716,159.87825,168.63222,138.36363,159.62517,final
62425,2026-05-11T00:00:00,2,1009973,SS0204,187.0,54.406418,25.940998,158.0214,81.769516,305.2674,181.11586,191.99902,187.87865,166.70659,final
62426,2026-05-21T00:00:00,2,1009973,SS0204,187.0,12.909091,26.713726,120.786095,82.32816,305.04276,202.7927,56.471104,144.0384,149.20772,final
62427,2026-06-01T00:00:00,2,1009973,SS0204,187.0,9.620321,30.161676,76.93583,82.8164,303.46527,220.3508,41.580276,93.30356,136.88226,final
62428,2026-06-11T00:00:00,2,1009973,SS0204,187.0,7.28877,28.111229,29.818182,84.98663,278.22995,235.3401,37.113605,38.69262,117.845474,final
62429,2026-06-21T00:00:00,2,1009973,SS0204,187.0,28.181818,28.164705,45.09091,86.437614,242.78609,241.13173,100.05159,54.781513,100.672134,final
62430,2026-07-01T00:00:00,2,1009973,SS0204,187.0,35.04813,47.53369,70.51872,103.80962,261.0428,267.33368,76.23323,69.40445,97.69,final
62431,2026-07-11T00:00:00,2,1009973,SS0204,187.0,37.02139,41.29073,100.25134,116.98913,288.0909,283.74527,90.777115,86.27928,101.505005,final
62432,2026-07-21T00:00:00,2,1009973,SS0204,187.0,50.04278,56.088947,122.112305,144.91338,287.98932,313.67914,90.102684,84.790504,91.93866,final
62433,2026-08-01T00:00:00,2,1009973,SS0204,187.0,22.385027,34.958824,109.449196,132.3385,256.90375,318.96454,68.53312,83.33366,80.84334,prelim
62434,2026-08-11T00:00:00,2,1009973,SS0204,187.0,23.058823,33.687523,95.48663,124.73529,225.55615,326.71106,72.5268,77.455124,69.50511,prelim
64055,2026-01-01T00:00:00,2,1009974,SS0205,37.0,1.0,2.1405406,38.864864,14.985585,165.62163,120.77657,84.02725,219.48251,135.65453,final
64056,2026-01-11T00:00:00,2,1009974,SS0205,37.0,0.6756757,1.4576577,17.702703,9.997297,141.16217,98.675674,87.890625,151.37863,140.9802,final
64057,2026-01-21T00:00:00,2,1009974,SS0205,37.0,1.027027,2.5225224,2.7027025,6.120721,70.24324,74.53964,80.11977,69.26442,94.59841,final
64058,2026-02-01T00:00:00,2,1009974,SS0205,37.0,7.0540543,3.7045045,8.756757,7.6846848,64.48648,57.946846,138.48065,108.4517,110.38914,final
64059,2026-02-11T00:00:00,2,1009974,SS0205,37.0,14.864865,4.853153,22.945946,11.08018,70.35135,49.412613,201.6092,173.79124,138.4814,final
64060,2026-02-21T00:00:00,2,1009974,SS0205,37.0,12.540541,5.3702703,34.459457,13.927928,81.081085,41.774776,169.14256,208.47214,184.03313,final
64061,2026-03-01T00:00:00,2,1009974,SS0205,37.0,29.567568,12.59009,56.972977,22.813515,104.59459,45.483784,196.51727,222.81606,217.0887,final
64062,2026-03-11T00:00:00,2,1009974,SS0205,37.0,47.783783,14.505405,89.89189,32.465767,130.54054,53.543243,270.61105,253.27625,231.52208,final
64063,2026-03-21T00:00:00,2,1009974,SS0205,37.0,81.72973,24.688288,159.08109,51.783783,196.24324,71.832436,292.1345,288.95764,261.92484,final
64064,2026-04-01T00:00:00,2,1009974,SS0205,37.0,14.324325,22.133333,143.83784,61.327026,209.56757,91.825226,71.21987,224.4,221.60297,final
64065,2026-04-11T00:00:00,2,1009974,SS0205,37.0,4.675676,26.514414,100.72973,73.33604,213.56757,116.88198,30.702385,134.96947,179.32721,final
64066,2026-04-21T00:00:00,2,1009974,SS0205,37.0,55.405407,28.257658,74.40541,76.9054,267.94592,142.61711,181.62856,96.94771,184.90128,final
64067,2026-05-01T00:00:00,2,1009974,SS0205,37.0,59.7027,38.55766,119.78378,93.32973,320.59457,177.47028,148.54494,126.90341,178.43704,final
64068,2026-05-11T00:00:00,2,1009974,SS0205,37.0,64.324326,31.1,179.43243,97.91531,370.05408,203.71712,192.03415,179.20796,179.69493,final
64069,2026-05-21T00:00:00,2,1009974,SS0205,37.0,13.864865,30.57027,137.89189,100.22793,371.37842,228.91711,53.03548,135.79274,160.90248,final
64070,2026-06-01T00:00:00,2,1009974,SS0205,37.0,7.027027,27.978378,85.21622,89.64865,348.8379,244.3054,36.469433,95.316956,141.92949,final
64071,2026-06-11T00:00:00,2,1009974,SS0205,37.0,5.864865,26.14955,26.756756,84.6982,306.91895,255.94955,34.879684,35.404007,119.53227,final
64072,2026-06-21T00:00:00,2,1009974,SS0205,37.0,19.54054,25.08018,32.432434,79.20811,244.72974,256.34143,81.583755,44.452293,95.556885,final
64073,2026-07-01T00:00:00,2,1009974,SS0205,37.0,12.8918915,37.374775,38.297295,88.60451,243.2973,271.5829,42.222977,46.255566,89.77319,final
64074,2026-07-11T00:00:00,2,1009974,SS0205,37.0,14.351352,34.41802,46.783787,96.87297,252.97298,279.48648,49.092655,50.831722,90.68022,final
64075,2026-07-21T00:00:00,2,1009974,SS0205,37.0,22.324324,46.598198,49.567566,118.39099,219.89189,297.82703,52.955967,44.2233,74.26414,final
64076,2026-08-01T00:00:00,2,1009974,SS0205,37.0,19.243244,36.39009,55.91892,117.4063,179.43243,295.65945,58.57258,49.767796,61.34264,prelim
64077,2026-08-11T00:00:00,2,1009974,SS0205,37.0,16.405405,36.52072,57.97297,119.50901,131.51352,301.08017,51.553547,50.577038,44.600574,prelim
65698,2026-01-01T00:00:00,2,1009975,SS0603,143.0,0.0,0.0,0.0,0.0,50.482517,60.993008,100.0,100.0,84.073326,final
65699,2026-01-11T00:00:00,2,1009975,SS0603,143.0,0.0,0.0093240095,0.0,0.0093240095,23.342657,30.276924,99.813866,99.813866,80.34334,final
65700,2026-01-21T00:00:00,2,1009975,SS0603,143.0,0.0,0.017948719,0.0,0.027272727,14.195804,7.986946,99.64231,99.457504,147.80846,final
65701,2026-02-01T00:00:00,2,1009975,SS0603,143.0,0.0,0.0,0.0,0.027272727,1.1328671,1.065035,100.0,99.457504,101.11841,final
65702,2026-02-11T00:00:00,2,1009975,SS0603,143.0,0.0,0.0,0.0,0.017948719,0.2937063,0.2981352,100.0,99.64231,99.916405,final
65703,2026-02-21T00:00:00,2,1009975,SS0603,143.0,0.24475524,0.14265734,0.24475524,0.14265734,0.42657343,0.28135198,101.98531,101.98531,102.749695,final
65704,2026-03-01T00:00:00,2,1009975,SS0603,143.0,1.1678321,1.0757576,1.4125874,1.2184149,1.4125874,1.2456876,101.51545,103.122536,102.67224,final
65705,2026-03-11T00:00:00,2,1009975,SS0603,143.0,3.4125874,1.4666667,4.825175,2.6850817,4.825175,2.7123544,130.09155,127.84736,127.39526,final
65706,2026-03-21T00:00:00,2,1009975,SS0603,143.0,4.769231,3.2191143,9.34965,5.7615385,9.594406,5.9314685,118.8599,133.342,133.5082,final
65707,2026-04-01T00:00:00,2,1009975,SS0603,143.0,15.909091,8.631935,24.090908,13.317716,25.503498,14.563403,153.38315,158.81297,155.92122,final
65708,2026-04-11T00:00:00,2,1009975,SS0603,143.0,13.237762,11.351981,33.916084,23.20303,38.74126,25.906061,111.532425,137.98547,141.52971,final
65709,2026-04-21T00:00:00,2,1009975,SS0603,143.0,18.125874,14.529837,47.272728,34.513752,56.867134,40.41795,118.41304,132.28996,136.21736,final
65710,2026-05-01T00:00:00,2,1009975,SS0603,143.0,10.741259,24.476223,42.104897,50.358044,67.60839,64.89417,53.40324,85.09133,103.88332,final
65711,2026-05-11T00:00:00,2,1009975,SS0603,143.0,37.86014,25.270395,66.72727,64.27646,105.46854,90.164566,141.59096,103.53773,116.08158,final
65712,2026-05-21T00:00:00,2,1009975,SS0603,143.0,22.90909,34.624474,71.51049,84.37109,128.13287,124.646385,70.43397,85.609886,102.68922,final
65713,2026-06-01T00:00:00,2,1009975,SS0603,143.0,38.67832,47.193474,99.447556,107.08835,165.64334,170.7641,83.68541,93.18324,97.08657,final
65714,2026-06-11T00:00:00,2,1009975,SS0603,143.0,28.552448,46.645687,90.13986,128.46364,190.78322,215.94313,64.9666,71.28523,88.612495,final
65715,2026-06-21T00:00:00,2,1009975,SS0603,143.0,39.986015,45.070164,107.21679,138.90932,226.0,257.79416,89.84595,77.97743,87.9015,final
65716,2026-07-01T00:00:00,2,1009975,SS0603,143.0,58.853146,58.742424,127.39162,150.45827,268.94406,307.90466,100.1737,85.162155,87.54874,final
65717,2026-07-11T00:00:00,2,1009975,SS0603,143.0,48.34965,55.5338,147.18881,159.34639,304.05594,352.0865,88.132,92.60247,86.549324,final
65718,2026-07-21T00:00:00,2,1009975,SS0603,143.0,50.37063,66.198135,157.57343,180.47437,336.3007,403.7548,77.769775,87.65277,83.49766,final
65719,2026-08-01T00:00:00,2,1009975,SS0603,143.0,53.958042,59.43986,152.67831,181.1718,379.5175,438.7184,91.49312,84.69506,86.658,prelim
65720,2026-08-11T00:00:00,2,1009975,SS0603,143.0,35.916084,59.965034,140.24475,185.60303,377.57343,473.41306,62.9817,76.20275,79.96718,prelim
67341,2026-01-01T00:00:00,2,1009976,SS0206,535.0,1.2560748,1.4216822,13.6654215,8.568224,157.71216,145.70331,97.42112,137.56717,107.96854,final
67342,2026-01-11T00:00:00,2,1009976,SS0206,535.0,0.7196262,1.0662929,10.620562,5.8636136,131.3757,111.48262,94.28537,143.7879,117.07815,final
67343,2026-01-21T00:00:00,2,1009976,SS0206,535.0,1.0616822,1.6511526,3.037383,4.1391277,58.089718,75.19072,91.13732,87.944756,78.67458,final
67344,2026-02-01T00:00:00,2,1009976,SS0206,535.0,3.6859813,2.5271027,5.46729,5.2445483,37.598133,51.58405,115.39608,102.17425,75.282936,final
67345,2026-02-11T00:00:00,2,1009976,SS0206,535.0,7.4168224,3.5707166,12.164486,7.748972,36.20374,37.45134,144.87495,134.63428,97.061104,final
67346,2026-02-21T00:00:00,2,1009976,SS0206,535.0,8.547664,3.8810592,19.650467,9.978879,40.71028,28.386417,152.54558,164.56818,136.91281,final
67347,2026-03-01T00:00:00,2,1009976,SS0206,535.0,6.4,9.92567,22.364487,17.377445,41.4972,31.190218,76.37848,122.28602,128.48003,final
67348,2026-03-11T00:00:00,2,1009976,SS0206,535.0,21.73271,11.646044,36.680374,25.452772,59.465424,39.065357,160.59497,136.8689,146.29503,final
67349,2026-03-21T00:00:00,2,1009976,SS0206,535.0,55.065422,18.029781,83.198135,39.601494,105.88599,53.7195,260.81628,197.74704,188.84013,final
67350,2026-04-01T00:00:00,2,1009976,SS0206,535.0,24.568224,25.817446,101.366356,55.49327,129.19814,78.115265,95.94638,175.83171,161.46028,final
67351,2026-04-11T00:00:00,2,1009976,SS0206,535.0,14.2336445,28.5919,93.86729,72.439125,142.71214,105.64087,57.256794,127.67098,133.50595,final
67352,2026-04-21T00:00:00,2,1009976,SS0206,535.0,66.23364,33.526043,105.03551,87.93539,207.88411,137.51576,184.89737,118.40002,149.37584,final
67353,2026-05-01T00:00:00,2,1009976,SS0206,535.0,58.482243,35.72816,138.94952,97.84611,262.6804,170.71683,155.86818,139.96594,152.33623,final
67354,2026-05-11T00:00:00,2,1009976,SS0206,535.0,44.86729,32.477383,169.58318,101.73159,300.13083,199.62349,133.0597,163.57217,149.11818,final
67355,2026-05-21T00:00:00,2,1009976,SS0206,535.0,13.613084,33.422928,116.962616,101.62847,305.19626,229.16536,48.442646,114.380905,132.46889,final
67356,2026-06-01T00:00:00,2,1009976,SS0206,535.0,18.33458,38.085423,76.81496,103.98573,317.13086,257.3251,54.15887,75.06942,122.79833,final
67357,2026-06-11T00:00:00,2,1009976,SS0206,535.0,7.9588785,33.412834,39.90654,104.92118,303.35703,279.0919,33.7358,40.853397,108.5413,final
67358,2026-06-21T00:00:00,2,1009976,SS0206,535.0,23.456076,34.439003,49.749535,105.937256,271.74765,295.50113,72.15212,49.351803,92.095375,final
67359,2026-07-01T00:00:00,2,1009976,SS0206,535.0,43.80187,49.173397,75.21683,117.02524,290.9813,318.85706,90.084564,65.7379,91.39257,final
67360,2026-07-11T00:00:00,2,1009976,SS0206,535.0,33.409348,46.63676,100.66729,130.24916,310.15698,336.90192,74.38373,78.12788,92.1776,final
67361,2026-07-21T00:00:00,2,1009976,SS0206,535.0,50.31402,56.87153,127.52523,152.68169,294.23737,360.2474,89.401405,84.04605,81.92731,final
67362,2026-08-01T00:00:00,2,1009976,SS0206,535.0,27.386915,39.57184,111.11028,143.08012,263.14206,364.0911,72.662285,78.410446,72.64929,prelim
67363,2026-08-11T00:00:00,2,1009976,SS0206,535.0,36.02243,40.103115,113.723366,136.54648,254.2972,371.71683,90.952545,83.875885,68.830795,prelim
68984,2026-01-01T00:00:00,2,1009977,SS0103,117.0,1.965812,3.0321937,22.162394,11.553846,171.60683,210.72023,86.72365,164.08508,81.868454,final
68985,2026-01-11T00:00:00,2,1009977,SS0103,117.0,1.4700855,2.1333334,21.623932,9.453846,138.70085,155.77008,90.70213,184.19965,89.382835,final
68986,2026-01-21T00:00:00,2,1009977,SS0103,117.0,2.1196582,2.991453,5.5555553,8.15698,74.90599,96.99715,89.09091,80.2278,78.3414,final
68987,2026-02-01T00:00:00,2,1009977,SS0103,117.0,4.3162394,4.1660967,7.905983,9.290883,53.324783,68.558975,101.638016,90.309204,79.289825,final
68988,2026-02-11T00:00:00,2,1009977,SS0103,117.0,10.40171,5.3156695,16.837608,12.473219,50.188038,50.55812,149.30402,124.977585,99.333885,final
68989,2026-02-21T00:00:00,2,1009977,SS0103,117.0,5.8717947,6.209117,20.589745,15.690883,52.111115,41.136467,96.99065,123.67642,123.78735,final
68990,2026-03-01T00:00:00,2,1009977,SS0103,117.0,6.230769,14.664103,22.504272,26.188889,52.57265,47.03362,57.113052,88.18613,110.6451,final
68991,2026-03-11T00:00:00,2,1009977,SS0103,117.0,31.401709,17.631338,43.504272,38.50456,81.96581,60.43162,160.84648,111.49239,132.91098,final
68992,2026-03-21T00:00:00,2,1009977,SS0103,117.0,80.0,28.599146,117.63248,60.89459,143.77777,84.74245,252.98264,186.104,165.78307,final
68993,2026-04-01T00:00:00,2,1009977,SS0103,117.0,21.478632,39.604843,132.88034,85.83533,163.2906,121.3151,59.362686,151.79153,133.23077,final
68994,2026-04-11T00:00:00,2,1009977,SS0103,117.0,29.042734,53.765526,130.52136,121.96951,190.86327,172.9473,57.929768,106.73536,110.06813,final
68995,2026-04-21T00:00:00,2,1009977,SS0103,117.0,79.25641,53.27436,129.77777,146.64473,268.0,223.2302,144.58572,88.87732,119.61608,final
68996,2026-05-01T00:00:00,2,1009977,SS0103,117.0,45.42735,49.937607,153.72649,156.9775,309.1111,269.0017,91.790215,97.99293,114.638374,final
68997,2026-05-11T00:00:00,2,1009977,SS0103,117.0,39.811966,51.690598,164.49573,154.90257,338.52136,315.37665,79.04656,105.999374,107.22423,final
68998,2026-05-21T00:00:00,2,1009977,SS0103,117.0,18.649572,52.315952,103.88889,153.94415,351.29916,361.4835,41.26176,68.507645,97.22107,final
68999,2026-06-01T00:00:00,2,1009977,SS0103,117.0,35.136753,57.50285,93.5983,161.5094,380.20514,404.32224,64.21587,59.214855,94.10804,final
69000,2026-06-11T00:00:00,2,1009977,SS0103,117.0,16.102564,53.85755,69.888885,163.67635,364.90598,440.54843,35.853622,44.397976,83.02262,final
69001,2026-06-21T00:00:00,2,1009977,SS0103,117.0,19.19658,56.311394,70.4359,167.6718,304.10257,468.26068,39.465065,43.687447,65.313385,final
69002,2026-07-01T00:00:00,2,1009977,SS0103,117.0,62.076923,55.319942,97.37607,165.48889,344.70087,483.97577,111.2019,60.048527,71.51701,final
69003,2026-07-11T00:00:00,2,1009977,SS0103,117.0,28.88889,56.243305,110.1624,167.87465,344.547,486.45355,55.334846,66.61613,71.12513,final
69004,2026-07-21T00:00:00,2,1009977,SS0103,117.0,39.94872,60.32051,130.91454,171.88376,305.23935,493.49973,68.81257,76.83833,62.23461,final
69005,2026-08-01T00:00:00,2,1009977,SS0103,117.0,39.247864,54.749004,108.08547,171.31282,299.05984,498.31113,74.05624,64.13911,60.411907,prelim
69006,2026-08-11T00:00:00,2,1009977,SS0103,117.0,33.495728,50.940456,112.69231,166.00996,292.7436,497.56097,68.815544,68.8219,59.245266,prelim
70627,2026-01-01T00:00:00,2,1009978,SS0604,54.0,0.0,0.0,0.0,0.0,53.25926,61.67284,100.0,100.0,87.380806,final
70628,2026-01-11T00:00:00,2,1009978,SS0604,54.0,0.0,0.0,0.0,0.0,26.592594,32.79136,100.0,100.0,83.597404,final
70629,2026-01-21T00:00:00,2,1009978,SS0604,54.0,0.0,0.0,0.0,0.0,17.333334,10.805555,100.0,100.0,141.30054,final
70630,2026-02-01T00:00:00,2,1009978,SS0604,54.0,0.0,0.0,0.0,0.0,3.148148,3.89321,100.0,100.0,91.62212,final
70631,2026-02-11T00:00:00,2,1009978,SS0604,54.0,0.0,0.0,0.0,0.0,1.6666667,1.7574074,100.0,100.0,98.65717,final
70632,2026-02-21T00:00:00,2,1009978,SS0604,54.0,0.37037036,0.42839506,0.37037036,0.42839506,1.2222222,1.2524692,98.93108,98.93108,99.51624,final
70633,2026-03-01T00:00:00,2,1009978,SS0604,54.0,2.2592592,1.6117284,2.6296296,2.0401235,2.6296296,2.0401235,109.79366,108.37352,108.37352,final
70634,2026-03-11T00:00:00,2,1009978,SS0604,54.0,5.388889,2.4845679,8.018518,4.524691,8.018518,4.524691,138.80414,136.6818,136.6818,final
70635,2026-03-21T00:00:00,2,1009978,SS0604,54.0,7.962963,3.887037,15.611111,7.983333,15.981482,8.411729,145.86372,158.75053,156.4413,final
70636,2026-04-01T00:00:00,2,1009978,SS0604,54.0,13.981482,7.817284,27.333334,14.188889,29.962963,16.229012,148.09285,168.5003,164.69426,final
70637,2026-04-11T00:00:00,2,1009978,SS0604,54.0,11.666667,10.3950615,33.61111,22.099382,41.62963,26.624073,108.259834,142.47968,147.4498,final
70638,2026-04-21T00:00:00,2,1009978,SS0604,54.0,14.166667,15.285803,39.814816,33.498146,55.7963,41.909878,94.48316,116.40773,129.60234,final
70639,2026-05-01T00:00:00,2,1009978,SS0604,54.0,8.12963,26.405556,33.962963,52.08642,63.92593,68.31543,41.806713,68.2526,94.01286,final
70640,2026-05-11T00:00:00,2,1009978,SS0604,54.0,48.796295,26.880863,71.09259,68.57222,112.72223,95.1963,168.74165,103.425705,117.49159,final
70641,2026-05-21T00:00:00,2,1009978,SS0604,54.0,22.814816,37.059875,79.74074,90.3463,135.16667,131.82777,66.13147,88.8768,102.440216,final
70642,2026-06-01T00:00:00,2,1009978,SS0604,54.0,21.62963,45.927776,93.240746,109.868515,154.53703,176.14383,52.28901,85.52452,88.07202,final
70643,2026-06-11T00:00:00,2,1009978,SS0604,54.0,19.12963,46.058643,63.574074,129.0463,168.27777,219.7179,47.258656,51.15701,77.109024,final
70644,2026-06-21T00:00:00,2,1009978,SS0604,54.0,40.333332,45.051853,81.09259,137.03827,200.64813,260.88272,90.57273,60.61225,77.34543,final
70645,2026-07-01T00:00:00,2,1009978,SS0604,54.0,61.796295,61.62469,121.259254,152.73518,248.46297,314.69012,100.25756,80.04508,79.28395,final
70646,2026-07-11T00:00:00,2,1009978,SS0604,54.0,44.462963,60.20185,146.59259,166.87839,281.25925,364.49692,75.86129,88.197586,77.4727,final
70647,2026-07-21T00:00:00,2,1009978,SS0604,54.0,44.148148,69.59692,150.40741,191.42346,311.24072,418.808,65.88496,79.11855,74.618866,final
70648,2026-08-01T00:00:00,2,1009978,SS0604,54.0,57.12963,55.91605,145.74075,185.71481,360.24072,448.3185,101.99221,79.03988,80.57044,prelim
70649,2026-08-11T00:00:00,2,1009978,SS0604,54.0,30.703703,55.15185,131.98148,180.66481,342.14816,476.5895,59.35595,73.77891,72.08383,prelim
72270,2026-01-01T00:00:00,2,1009979,SS0703,225.0,0.50222224,0.49762964,1.751111,1.4173334,106.026665,89.08993,100.08353,105.20119,118.00058,final
72271,2026-01-11T00:00:00,2,1009979,SS0703,225.0,0.41777778,0.46607408,1.7244444,1.4431112,54.728886,49.2,99.11644,104.36641,110.2009,final
72272,2026-01-21T00:00:00,2,1009979,SS0703,225.0,0.7822222,0.75377774,1.7022222,1.7174815,28.60889,15.165926,100.49436,99.77284,166.66177,final
72273,2026-02-01T00:00:00,2,1009979,SS0703,225.0,0.6577778,0.67955554,1.8577778,1.8994074,9.43111,7.7891855,99.61656,99.396614,112.83839,final
72274,2026-02-11T00:00:00,2,1009979,SS0703,225.0,0.93777776,0.88666666,2.3777778,2.32,7.0977783,6.5094814,100.86825,100.78932,105.111404,final
72275,2026-02-21T00:00:00,2,1009979,SS0703,225.0,1.0222223,1.0814815,2.6177778,2.6477036,6.8488894,6.4736295,99.02558,99.608696,103.27064,final
72276,2026-03-01T00:00:00,2,1009979,SS0703,225.0,2.08,2.2774816,4.04,4.24563,7.6488886,7.5623703,97.2864,97.77592,100.688705,final
72277,2026-03-11T00:00:00,2,1009979,SS0703,225.0,4.9955554,2.7562964,8.097777,6.115259,12.200001,9.87837,128.87022,117.83601,115.604065,final
72278,2026-03-21T00:00:00,2,1009979,SS0703,225.0,11.96,3.945778,19.035555,8.979555,23.355556,13.344741,189.58662,171.93361,154.57048,final
72279,2026-04-01T00:00:00,2,1009979,SS0703,225.0,17.004444,6.2244444,33.96,12.926518,39.857777,19.071556,196.04039,217.33167,186.3518,final
72280,2026-04-11T00:00:00,2,1009979,SS0703,225.0,15.924444,7.7525926,44.888885,17.922815,55.36444,26.358074,164.07993,217.63857,192.50047,final
72281,2026-04-21T00:00:00,2,1009979,SS0703,225.0,7.7955556,14.525186,40.72444,28.502222,62.377777,40.129482,65.5336,136.48183,149.2988,final
72282,2026-05-01T00:00:00,2,1009979,SS0703,225.0,43.324444,42.633926,67.04444,64.911705,105.04445,82.083855,101.44963,103.05061,126.36608,final
72283,2026-05-11T00:00:00,2,1009979,SS0703,225.0,67.422226,40.739555,118.54222,97.89867,171.52888,121.93674,158.33609,120.06203,139.0684,final
72284,2026-05-21T00:00:00,2,1009979,SS0703,225.0,20.92,48.262074,131.66667,131.63556,191.42667,169.11734,48.665024,100.022766,112.81282,final
72285,2026-06-01T00:00:00,2,1009979,SS0703,225.0,47.786667,37.74415,136.12889,126.74578,237.13333,204.584,123.494484,107.12212,115.53044,final
72286,2026-06-11T00:00:00,2,1009979,SS0703,225.0,41.76889,33.014072,110.475555,119.020294,273.90668,234.84178,123.03046,93.11021,116.28778,final
72287,2026-06-21T00:00:00,2,1009979,SS0703,225.0,38.72,40.671406,128.27556,111.42963,300.66666,271.5674,95.727295,114.468765,110.521576,final
72288,2026-07-01T00:00:00,2,1009979,SS0703,225.0,34.253334,51.42,114.742226,125.10548,317.91556,316.76297,69.57344,92.03474,100.358215,final
72289,2026-07-11T00:00:00,2,1009979,SS0703,225.0,47.795555,53.348,120.76889,145.4394,349.78668,362.35837,90.48392,83.60103,96.57782,final
72290,2026-07-21T00:00:00,2,1009979,SS0703,225.0,67.56,66.662224,149.60889,171.43022,409.55112,414.49542,101.252785,87.63175,98.821365,final
72291,2026-08-01T00:00:00,2,1009979,SS0703,225.0,54.844444,48.848297,170.2,168.85852,421.07114,420.70978,111.135254,100.77159,100.08489,prelim
72292,2026-08-11T00:00:00,2,1009979,SS0703,225.0,38.31111,55.066666,160.71555,170.57718,391.96002,435.0369,72.105064,94.38331,90.210625,prelim
73913,2026-01-01T00:00:00,2,1009980,SS0704,171.0,0.15789473,0.16296296,0.53801167,0.38499025,55.549706,55.98616,99.90183,102.84163,99.28434,final
73914,2026-01-11T00:00:00,2,1009980,SS0704,171.0,0.19883041,0.20955166,0.61988306,0.4791423,23.62573,29.358282,99.794205,102.568665,83.31537,final
73915,2026-01-21T00:00:00,2,1009980,SS0704,171.0,0.39766082,0.41617933,0.75438595,0.78869396,11.1286545,6.508577,99.65809,99.407326,140.14465,final
73916,2026-02-01T00:00:00,2,1009980,SS0704,171.0,0.5964912,0.5719298,1.1929824,1.1976608,2.6432748,2.5582845,100.4408,99.924515,101.124466,final
73917,2026-02-11T00:00:00,2,1009980,SS0704,171.0,0.6666667,0.7122807,1.6608188,1.7003899,2.9649124,2.7808967,99.20147,99.409424,102.36497,final
73918,2026-02-21T00:00:00,2,1009980,SS0704,171.0,0.87134504,1.0497077,2.134503,2.333918,3.7836258,3.7666667,97.05172,97.28092,100.19345,final
73919,2026-03-01T00:00:00,2,1009980,SS0704,171.0,1.7192982,1.7898636,3.25731,3.5518517,4.988304,5.134503,98.960724,96.55582,98.55742,final
73920,2026-03-11T00:00:00,2,1009980,SS0704,171.0,4.0584793,2.1563354,6.6491227,4.9959064,8.929825,7.175439,126.57986,116.53892,114.40922,final
73921,2026-03-21T00:00:00,2,1009980,SS0704,171.0,10.777778,3.8738792,16.555555,7.820078,19.444443,10.94269,177.80023,168.13904,153.32697,final
73922,2026-04-01T00:00:00,2,1009980,SS0704,171.0,23.614035,8.771735,38.45029,14.8019495,42.90058,19.551462,207.77364,219.42432,195.10277,final
73923,2026-04-11T00:00:00,2,1009980,SS0704,171.0,14.590643,10.4968815,48.982452,23.142494,57.292397,29.83879,126.41669,191.8183,178.80183,final
73924,2026-04-21T00:00:00,2,1009980,SS0704,171.0,9.649123,16.997076,47.8538,36.265694,66.54386,46.41969,66.59577,128.0817,139.13708,final
73925,2026-05-01T00:00:00,2,1009980,SS0704,171.0,37.128654,38.949318,61.36842,66.443275,103.07603,84.79707,95.85736,92.89667,120.35584,final
73926,2026-05-11T00:00:00,2,1009980,SS0704,171.0,73.83626,38.59688,120.61404,94.543274,176.2456,122.68168,180.83003,126.19038,141.95114,final
73927,2026-05-21T00:00:00,2,1009980,SS0704,171.0,16.34503,44.94191,127.309944,122.48811,191.7193,166.57388,42.739716,103.78218,114.65573,final
73928,2026-06-01T00:00:00,2,1009980,SS0704,171.0,39.374268,39.68889,129.55556,123.227684,229.37427,204.4729,99.295975,104.93487,111.887634,final
73929,2026-06-11T00:00:00,2,1009980,SS0704,171.0,38.19883,36.112865,93.91813,120.74367,263.51462,238.42943,105.07375,78.66649,110.30492,final
73930,2026-06-21T00:00:00,2,1009980,SS0704,171.0,33.707603,41.29571,111.2807,117.097466,286.44446,275.85126,83.60948,95.23597,103.77182,final
73931,2026-07-01T00:00:00,2,1009980,SS0704,171.0,34.415203,49.03567,106.32164,126.44425,297.2456,316.1152,72.94293,84.69115,94.123726,final
73932,2026-07-11T00:00:00,2,1009980,SS0704,171.0,50.380116,51.03041,118.502914,141.3618,333.0351,356.64874,98.83939,84.381935,93.47056,final
73933,2026-07-21T00:00:00,2,1009980,SS0704,171.0,66.19883,64.6655,150.99414,164.73158,389.58478,404.31717,102.201,91.90637,96.40074,final
73934,2026-08-01T00:00:00,2,1009980,SS0704,171.0,52.210526,50.155167,168.78947,165.85107,404.6667,415.523,103.72651,101.71986,97.41837,prelim
73935,2026-08-11T00:00:00,2,1009980,SS0704,171.0,32.076023,57.023586,150.48538,171.84425,362.9064,433.9497,59.777294,87.92222,83.81516,prelim
75556,2026-01-01T00:00:00,2,1009981,SS0705,392.0,0.06887755,0.05952381,0.6658163,0.63792515,120.12756,104.157486,100.18488,100.494705,114.6303,final
75557,2026-01-11T00:00:00,2,1009981,SS0705,392.0,0.05102041,0.05255102,0.41836736,0.39056122,51.691326,53.524574,99.96971,100.51583,96.86755,final
75558,2026-01-21T00:00:00,2,1009981,SS0705,392.0,0.12244898,0.12593538,0.24234694,0.2380102,25.053574,9.196343,99.93198,100.082794,211.69939,final
75559,2026-02-01T00:00:00,2,1009981,SS0705,392.0,0.29336736,0.32602042,0.46683675,0.5045068,3.431122,2.940051,99.38692,99.31565,106.18473,final
75560,2026-02-11T00:00:00,2,1009981,SS0705,392.0,0.44132653,0.43265307,0.85714287,0.88460886,2.8750002,2.6159015,100.15966,99.53326,103.40208,final
75561,2026-02-21T00:00:00,2,1009981,SS0705,392.0,0.42091838,0.4244898,1.1556122,1.1831633,3.1173472,2.9392006,99.93416,99.55441,102.2439,final
75562,2026-03-01T00:00:00,2,1009981,SS0705,392.0,0.8010204,0.87738097,1.6632652,1.7345238,2.7959182,2.8769557,98.70078,98.941895,98.97121,final
75563,2026-03-11T00:00:00,2,1009981,SS0705,392.0,1.4591837,1.2016157,2.6811223,2.5034864,3.9566326,3.7786565,104.15324,102.36738,102.02738,final
75564,2026-03-21T00:00:00,2,1009981,SS0705,392.0,3.1377552,1.7336735,5.397959,3.81267,6.7959185,5.233844,120.85165,117.988754,115.26381,final
75565,2026-04-01T00:00:00,2,1009981,SS0705,392.0,8.5,3.180442,13.096939,6.1157312,15.227041,8.354762,165.02776,162.80476,151.4594,final
75566,2026-04-11T00:00:00,2,1009981,SS0705,392.0,11.132653,4.0678573,22.770409,8.981973,26.308674,12.370068,177.9103,198.61581,180.24496,final
75567,2026-04-21T00:00:00,2,1009981,SS0705,392.0,5.119898,9.118877,24.75255,16.367176,31.306124,21.36301,71.67636,139.24419,137.71616,final
75568,2026-05-01T00:00:00,2,1009981,SS0705,392.0,64.1148,33.69728,80.367355,46.884014,95.127556,54.73427,178.60376,164.53499,167.62164,final
75569,2026-05-11T00:00:00,2,1009981,SS0705,392.0,65.69643,31.850426,134.93112,74.66658,160.38266,86.15204,191.84698,175.64595,181.43605,final
75570,2026-05-21T00:00:00,2,1009981,SS0705,392.0,17.5,42.435715,147.31122,107.98342,177.46173,128.16327,47.432617,134.80847,137.02106,final
75571,2026-06-01T00:00:00,2,1009981,SS0705,392.0,34.691326,31.84073,117.88776,106.12687,211.35204,159.12662,107.737625,110.58329,131.8202,final
75572,2026-06-11T00:00:00,2,1009981,SS0705,392.0,33.188774,29.229763,85.3801,103.50621,243.08163,187.15477,111.565994,83.29486,129.10512,final
75573,2026-06-21T00:00:00,2,1009981,SS0705,392.0,29.864796,38.22347,97.74489,99.29396,269.8087,223.64456,80.66173,98.51471,120.190346,final
75574,2026-07-01T00:00:00,2,1009981,SS0705,392.0,26.441326,48.157143,89.494896,115.610374,287.75,268.62128,59.14789,78.34724,106.990944,final
75575,2026-07-11T00:00:00,2,1009981,SS0705,392.0,41.209183,48.01488,97.515305,134.3955,317.82654,312.5683,87.16266,73.54277,101.655785,final
75576,2026-07-21T00:00:00,2,1009981,SS0705,392.0,68.918365,61.246258,136.56888,157.41827,381.62497,364.69568,111.581184,87.16315,104.57925,final
75577,2026-08-01T00:00:00,2,1009981,SS0705,392.0,55.2449,49.21386,165.37245,158.47499,372.7551,380.21225,111.12454,104.219284,98.06414,prelim
75578,2026-08-11T00:00:00,2,1009981,SS0705,392.0,42.65051,55.20017,166.81378,165.6603,349.70917,403.56198,79.15345,100.675896,86.81894,prelim
77199,2026-01-01T00:00:00,2,1009982,SS0207,170.0,1.8941176,2.7768626,26.800001,14.240588,204.5706,212.53745,88.64908,165.2756,96.337715,final
77200,2026-01-11T00:00:00,2,1009982,SS0207,170.0,1.1235294,1.837451,20.852942,10.091764,172.1706,165.12216,89.55866,171.30496,104.14316,final
77201,2026-01-21T00:00:00,2,1009982,SS0207,170.0,2.4235294,2.9282353,5.4411764,7.542549,78.97059,111.7949,93.63407,83.24605,71.89577,final
77202,2026-02-01T00:00:00,2,1009982,SS0207,170.0,15.111765,3.7531374,18.658823,8.518824,65.47647,79.706665,229.76634,175.00652,83.20062,final
77203,2026-02-11T00:00:00,2,1009982,SS0207,170.0,26.37647,4.5270586,43.911766,11.208431,80.65883,57.49059,329.34058,301.76743,137.07477,final
77204,2026-02-21T00:00:00,2,1009982,SS0207,170.0,21.041176,6.5707846,62.52941,14.850981,99.03529,43.771763,225.05972,340.18173,213.3105,final
77205,2026-03-01T00:00:00,2,1009982,SS0207,170.0,13.770588,13.208431,61.188236,24.306274,106.647064,47.065685,103.08734,225.85004,214.43503,final
77206,2026-03-11T00:00:00,2,1009982,SS0207,170.0,34.35294,17.74196,69.1647,37.521175,133.92941,58.821373,173.0411,174.41829,217.68477,final
77207,2026-03-21T00:00:00,2,1009982,SS0207,170.0,75.63529,27.727648,123.75882,58.67804,191.7294,81.07157,246.38281,202.20287,228.56491,final
77208,2026-04-01T00:00:00,2,1009982,SS0207,170.0,30.911764,40.135685,140.9,85.60529,220.74706,118.43039,79.564026,161.0281,182.89423,final
77209,2026-04-11T00:00:00,2,1009982,SS0207,170.0,20.205883,46.62059,126.752945,114.483925,239.8294,163.21353,48.829124,110.26834,145.5468,final
77210,2026-04-21T00:00:00,2,1009982,SS0207,170.0,98.329414,51.9149,149.44705,138.67117,335.7353,212.2002,181.55072,107.500374,156.87614,final
77211,2026-05-01T00:00:00,2,1009982,SS0207,170.0,65.958824,55.44196,184.49411,153.97745,386.58237,263.889,117.39994,119.195595,145.62975,final
77212,2026-05-11T00:00:00,2,1009982,SS0207,170.0,57.588234,53.43196,221.87646,160.78882,417.7941,312.7939,107.113014,136.84666,133.04033,final
77213,2026-05-21T00:00:00,2,1009982,SS0207,170.0,24.55294,48.546276,148.1,157.4202,421.30588,354.7694,55.191402,94.26168,118.4942,final
77214,2026-06-01T00:00:00,2,1009982,SS0207,170.0,34.32353,50.4851,116.46471,152.46333,441.85883,392.04608,70.87223,77.138405,112.54584,final
77215,2026-06-11T00:00:00,2,1009982,SS0207,170.0,9.688235,45.659805,68.564705,144.69118,417.19412,419.96393,28.993866,49.144318,99.34822,final
77216,2026-06-21T00:00:00,2,1009982,SS0207,170.0,17.064707,46.54059,61.07647,142.68549,358.6235,438.77686,42.810352,44.74134,81.93837,final
77217,2026-07-01T00:00:00,2,1009982,SS0207,170.0,42.85882,47.35137,69.61176,139.55176,370.57056,445.99255,91.41847,51.615948,83.27644,final
77218,2026-07-11T00:00:00,2,1009982,SS0207,170.0,34.82353,49.81333,94.747055,143.70529,385.1882,449.1853,72.65299,67.077,85.90948,final
77219,2026-07-21T00:00:00,2,1009982,SS0207,170.0,57.094116,60.325687,134.77646,157.49039,343.95294,457.59607,95.05314,86.02137,75.43362,final
77220,2026-08-01T00:00:00,2,1009982,SS0207,170.0,65.53529,60.256077,157.45294,170.3951,343.52942,462.4102,108.090004,92.62114,74.56607,prelim
77221,2026-08-11T00:00:00,2,1009982,SS0207,170.0,44.17059,56.656273,166.8,177.23804,330.11176,465.6345,79.74953,94.27231,71.204254,prelim
78842,2026-01-01T00:00:00,2,1009983,SS0706,124.0,0.088709675,0.1344086,0.16129032,0.20403226,94.524185,77.60806,99.109955,99.17867,120.47757,final
78843,2026-01-11T00:00:00,2,1009983,SS0706,124.0,0.11290322,0.16317204,0.22580644,0.31801075,54.370968,44.52661,99.02639,98.26618,119.8769,final
78844,2026-01-21T00:00:00,2,1009983,SS0706,124.0,0.24193548,0.22311828,0.44354838,0.5206989,29.104837,16.345161,100.36026,98.602516,159.77783,final
78845,2026-02-01T00:00:00,2,1009983,SS0706,124.0,0.26612905,0.22123656,0.62096775,0.6075269,8.298388,7.350269,100.859795,100.23969,107.6769,final
78846,2026-02-11T00:00:00,2,1009983,SS0706,124.0,0.5241935,0.4736559,1.032258,0.9180108,3.4999998,4.35457,100.9233,101.9305,90.86468,final
78847,2026-02-21T00:00:00,2,1009983,SS0706,124.0,0.8145161,1.0346774,1.6048386,1.7295699,2.6048386,3.1698923,96.35173,98.146515,93.0837,final
78848,2026-03-01T00:00:00,2,1009983,SS0706,124.0,2.330645,2.6688173,3.6693547,4.1771507,4.4516125,4.9887094,95.590294,94.466736,94.622955,final
78849,2026-03-11T00:00:00,2,1009983,SS0706,124.0,7.91129,3.7408602,11.056452,7.444355,12.314516,8.680376,147.7119,129.02599,126.56462,final
78850,2026-03-21T00:00:00,2,1009983,SS0706,124.0,20.508064,6.238441,30.75,12.648118,32.798386,14.898387,226.97156,202.57118,189.95702,final
78851,2026-04-01T00:00:00,2,1009983,SS0706,124.0,28.161291,9.509946,56.580643,19.489246,60.87097,24.273924,228.54181,251.45993,225.01585,final
78852,2026-04-11T00:00:00,2,1009983,SS0706,124.0,18.774193,11.944893,67.44355,27.69328,79.53226,36.055645,140.30301,221.58543,205.89679,final
78853,2026-04-21T00:00:00,2,1009983,SS0706,124.0,9.185484,20.007257,56.12097,41.462097,88.47581,55.839787,56.725468,131.55019,153.64256,final
78854,2026-05-01T00:00:00,2,1009983,SS0706,124.0,37.120968,44.051075,65.08064,76.00323,125.33064,99.669624,85.87165,86.51587,124.516205,final
78855,2026-05-11T00:00:00,2,1009983,SS0706,124.0,65.685486,44.015053,111.991936,108.07339,190.49194,143.21103,144.21179,103.465485,131.90108,final
78856,2026-05-21T00:00:00,2,1009983,SS0706,124.0,28.024193,48.799194,130.83066,136.86533,217.70163,190.97554,61.38418,95.7462,113.63746,final
78857,2026-06-01T00:00:00,2,1009983,SS0706,124.0,59.508064,43.20511,153.21774,136.01935,274.87903,231.51183,133.81998,112.19576,118.33617,final
78858,2026-06-11T00:00:00,2,1009983,SS0706,124.0,47.967743,38.64328,135.5,130.64758,314.9355,266.41425,121.36518,103.57722,117.87718,final
78859,2026-06-21T00:00:00,2,1009983,SS0706,124.0,41.725807,42.834408,149.20161,124.68279,336.15323,303.01022,97.68242,118.90676,110.76035,final
78860,2026-07-01T00:00:00,2,1009983,SS0706,124.0,44.782257,49.91532,134.4758,131.393,352.77417,343.4156,90.65276,102.26023,102.686035,final
78861,2026-07-11T00:00:00,2,1009983,SS0706,124.0,65.02419,51.1414,151.53226,143.89113,399.0242,382.6121,124.728264,105.13202,104.23416,final
78862,2026-07-21T00:00:00,2,1009983,SS0706,124.0,60.75,65.448654,170.55646,166.50537,450.5887,428.0535,93.33038,102.362076,105.2038,final
78863,2026-08-01T00:00:00,2,1009983,SS0706,124.0,53.20968,51.769085,178.98387,168.35913,466.67743,435.7715,102.53763,106.12874,107.01177,prelim
78864,2026-08-11T00:00:00,2,1009983,SS0706,124.0,48.23387,57.885483,162.19354,175.10323,449.22583,449.64194,84.652084,92.83206,99.90848,prelim
80485,2026-01-01T00:00:00,2,1009984,SS0707,27.0,0.0,0.0,0.0,0.0,62.85185,54.024693,100.0,100.0,114.95503,final
80486,2026-01-11T00:00:00,2,1009984,SS0707,27.0,0.0,0.0,0.0,0.0,18.407408,26.144444,100.0,100.0,75.15757,final
80487,2026-01-21T00:00:00,2,1009984,SS0707,27.0,0.0,0.0,0.0,0.0,6.4074073,4.3407407,100.0,100.0,122.125305,final
80488,2026-02-01T00:00:00,2,1009984,SS0707,27.0,0.0,0.0,0.0,0.0,0.0,0.10987654,100.0,100.0,97.849724,final
80489,2026-02-11T00:00:00,2,1009984,SS0707,27.0,0.0,0.0,0.0,0.0,0.0,0.037037037,100.0,100.0,99.26471,final
80490,2026-02-21T00:00:00,2,1009984,SS0707,27.0,0.0,0.0037037036,0.0,0.0037037036,0.0,0.04074074,99.92598,99.92598,99.191765,final
80491,2026-03-01T00:00:00,2,1009984,SS0707,27.0,1.0,1.0790124,1.0,1.0827161,1.0,1.0827161,98.70024,98.64015,98.64015,final
80492,2026-03-11T00:00:00,2,1009984,SS0707,27.0,4.111111,1.5395062,5.111111,2.6222222,5.111111,2.6222222,139.32414,132.65306,132.65306,final
80493,2026-03-21T00:00:00,2,1009984,SS0707,27.0,5.4444447,2.3098764,10.555555,4.9283953,10.555555,4.932099,142.88127,156.67743,156.61902,final
80494,2026-04-01T00:00:00,2,1009984,SS0707,27.0,9.407408,4.2024693,18.962963,8.051852,19.962963,9.134568,156.56024,183.59819,176.60931,final
80495,2026-04-11T00:00:00,2,1009984,SS0707,27.0,15.555555,6.2197533,30.407408,12.732099,35.518517,15.354321,183.20862,199.67975,199.06592,final
80496,2026-04-21T00:00:00,2,1009984,SS0707,27.0,6.814815,12.511111,31.777779,22.933332,42.333332,27.865433,67.47039,131.66269,144.02164,final
80497,2026-05-01T00:00:00,2,1009984,SS0707,27.0,19.851852,26.88642,42.22222,45.617283,62.185184,54.751854,77.938675,93.29269,112.44032,final
80498,2026-05-11T00:00:00,2,1009984,SS0707,27.0,57.148148,25.433332,83.81482,64.830864,119.33333,80.18519,204.21078,127.185616,145.95651,final
80499,2026-05-21T00:00:00,2,1009984,SS0707,27.0,15.888889,35.187653,92.888885,87.50741,135.22221,115.36913,51.978374,105.817345,116.4935,final
80500,2026-06-01T00:00:00,2,1009984,SS0707,27.0,52.851852,39.46543,125.888885,100.08642,187.07407,153.75555,130.10524,124.55357,120.987305,final
80501,2026-06-11T00:00:00,2,1009984,SS0707,27.0,25.148148,37.34321,93.888885,111.9963,208.11111,189.55927,71.199486,84.52309,109.535324,final
80502,2026-06-21T00:00:00,2,1009984,SS0707,27.0,30.25926,38.059258,108.25926,114.867905,232.92593,225.30864,81.88544,94.48673,103.30743,final
80503,2026-07-01T00:00:00,2,1009984,SS0707,27.0,41.074074,49.176544,96.48148,124.57901,264.5926,270.2827,85.04432,78.31629,97.93299,final
80504,2026-07-11T00:00:00,2,1009984,SS0707,27.0,50.148148,51.44321,121.48148,138.67902,299.18518,315.50616,97.70555,88.03059,94.907745,final
80505,2026-07-21T00:00:00,2,1009984,SS0707,27.0,49.88889,59.593826,141.11111,160.21358,342.25925,362.5889,84.97544,88.43772,94.46946,final
80506,2026-08-01T00:00:00,2,1009984,SS0707,27.0,57.11111,51.448147,157.14815,162.48518,379.5185,387.1506,110.03215,96.81343,98.05378,prelim
80507,2026-08-11T00:00:00,2,1009984,SS0707,27.0,35.851852,55.37037,142.85185,166.41235,358.22223,417.08765,67.66871,86.25507,86.05375,prelim
82128,2026-01-01T00:00:00,2,1009985,SS0708,218.0,0.0,0.0,0.0,0.0,56.22477,42.883488,100.0,100.0,127.86196,final
82129,2026-01-11T00:00:00,2,1009985,SS0708,218.0,0.0,0.0,0.0,0.0,13.862386,19.47263,100.0,100.0,77.07543,final
82130,2026-01-21T00:00:00,2,1009985,SS0708,218.0,0.0,0.0,0.0,0.0,4.0366974,2.26789,100.0,100.0,124.337296,final
82131,2026-02-01T00:00:00,2,1009985,SS0708,218.0,0.0,0.0,0.0,0.0,0.0091743115,0.0076452596,100.0,100.0,100.03054,final
82132,2026-02-11T00:00:00,2,1009985,SS0708,218.0,0.0,0.0,0.0,0.0,0.0,0.0042813453,100.0,100.0,99.914444,final
82133,2026-02-21T00:00:00,2,1009985,SS0708,218.0,0.0,0.009938838,0.0,0.009938838,0.0,0.013914373,99.80162,99.80162,99.72248,final
82134,2026-03-01T00:00:00,2,1009985,SS0708,218.0,0.2706422,0.2798165,0.2706422,0.28975534,0.2706422,0.28975534,99.82623,99.63868,99.63868,final
82135,2026-03-11T00:00:00,2,1009985,SS0708,218.0,1.0917431,0.6717125,1.3623853,0.9614679,1.3623853,0.9614679,107.40571,106.72514,106.72514,final
82136,2026-03-21T00:00:00,2,1009985,SS0708,218.0,2.6376147,1.1029052,4.0,2.0544343,4.0,2.064373,125.1472,127.57933,127.39984,final
82137,2026-04-01T00:00:00,2,1009985,SS0708,218.0,4.56422,1.6888379,8.293577,3.4634557,8.56422,3.753211,142.98778,157.07033,154.96278,final
82138,2026-04-11T00:00:00,2,1009985,SS0708,218.0,3.940367,2.1162078,11.142201,4.907951,12.504587,5.869419,125.63386,162.92168,161.04437,final
82139,2026-04-21T00:00:00,2,1009985,SS0708,218.0,2.1376147,5.0232415,10.642202,8.828287,14.642202,10.89266,71.21065,113.117424,123.59291,final
82140,2026-05-01T00:00:00,2,1009985,SS0708,218.0,20.513762,14.352905,26.591743,21.492355,35.155964,25.245565,131.83427,119.24852,132.76645,final
82141,2026-05-11T00:00:00,2,1009985,SS0708,218.0,30.839449,15.297554,53.490826,34.6737,65.995415,40.543118,176.57027,147.42973,155.88615,final
82142,2026-05-21T00:00:00,2,1009985,SS0708,218.0,4.330275,22.529358,55.683487,52.179817,70.32569,63.06254,33.89209,106.12746,110.671295,final
82143,2026-06-01T00:00:00,2,1009985,SS0708,218.0,30.298164,24.2211,65.46789,62.04801,100.35321,87.00382,120.79684,105.10063,114.509605,final
82144,2026-06-11T00:00:00,2,1009985,SS0708,218.0,19.142202,24.931345,53.770645,71.68181,118.40367,111.26346,80.6586,76.64223,106.14141,final
82145,2026-06-21T00:00:00,2,1009985,SS0708,218.0,19.394495,30.10474,68.83486,79.25719,135.16055,140.26529,69.4906,87.63034,96.485916,final
82146,2026-07-01T00:00:00,2,1009985,SS0708,218.0,15.83945,42.05367,54.37615,97.08975,146.43578,180.63013,44.28868,58.160736,81.57931,final
82147,2026-07-11T00:00:00,2,1009985,SS0708,218.0,44.169724,42.466057,79.40367,114.624466,186.66513,220.97997,103.58923,70.5572,84.815094,final
82148,2026-07-21T00:00:00,2,1009985,SS0708,218.0,59.068806,53.258564,119.07798,137.77829,243.59633,269.2153,109.97319,86.90255,90.65736,final
82149,2026-08-01T00:00:00,2,1009985,SS0708,218.0,62.45413,39.635323,165.69266,135.35994,285.53668,294.4977,151.12276,121.610664,97.00798,prelim
82150,2026-08-11T00:00:00,2,1009985,SS0708,218.0,37.885323,46.784863,159.40826,139.67874,292.58258,325.98502,82.8144,113.63678,89.90817,prelim
83771,2026-01-01T00:00:00,2,1009986,SS1003,249.0,1.75502,2.3717537,7.791165,5.39585,162.83936,182.83936,91.63383,123.04106,89.3526,final
83772,2026-01-11T00:00:00,2,1009986,SS1003,249.0,1.5060241,2.47751,8.228916,6.385542,117.44579,125.65836,87.0079,116.19048,93.71448,final
83773,2026-01-21T00:00:00,2,1009986,SS1003,249.0,3.5502007,3.5528781,6.811245,8.402142,54.220886,66.69545,99.96869,88.12953,82.60062,final
83774,2026-02-01T00:00:00,2,1009986,SS1003,249.0,5.24498,3.6981258,10.301205,9.728514,33.02811,46.087147,117.78376,103.888306,74.43773,final
83775,2026-02-11T00:00:00,2,1009986,SS1003,249.0,11.212852,4.9376173,20.008032,12.1886215,37.345383,35.685406,163.14627,145.49178,104.08003,final
83776,2026-02-21T00:00:00,2,1009986,SS1003,249.0,7.3493977,5.9400268,23.80723,14.575769,40.48996,30.829317,112.8827,147.1576,126.96296,final
83777,2026-03-01T00:00:00,2,1009986,SS1003,249.0,5.313253,16.221418,23.875502,27.099064,41.96787,42.223427,48.598324,89.95746,99.45883,final
83778,2026-03-11T00:00:00,2,1009986,SS1003,249.0,32.88755,21.27028,45.5502,43.43173,73.787155,62.00589,144.2221,104.374146,117.58243,final
83779,2026-03-21T00:00:00,2,1009986,SS1003,249.0,60.228916,25.016333,98.42972,62.508034,129.04819,85.48595,217.3114,153.21097,148.14255,final
83780,2026-04-01T00:00:00,2,1009986,SS1003,249.0,26.811245,40.519413,119.92772,86.80602,154.10442,123.6336,69.88501,136.07791,123.688065,final
83781,2026-04-11T00:00:00,2,1009986,SS1003,249.0,28.349398,49.20308,115.38956,114.73882,180.94778,170.35918,61.526756,100.543465,106.03824,final
83782,2026-04-21T00:00:00,2,1009986,SS1003,249.0,49.51004,50.846718,104.670685,140.56921,226.90764,217.65302,97.60652,75.3392,104.15652,final
83783,2026-05-01T00:00:00,2,1009986,SS1003,249.0,47.843372,56.55154,125.702805,156.60133,269.50604,270.5064,85.852234,80.87978,99.6369,final
83784,2026-05-11T00:00:00,2,1009986,SS1003,249.0,53.722893,57.314457,151.0763,164.71272,312.01608,322.88327,94.23639,91.965,96.68565,final
83785,2026-05-21T00:00:00,2,1009986,SS1003,249.0,34.156628,59.697056,135.7229,173.56305,338.82327,376.6403,60.523045,78.808525,90.09093,final
83786,2026-06-01T00:00:00,2,1009986,SS1003,249.0,79.24498,66.77911,167.1245,183.79063,412.755,427.198,117.36698,91.17216,96.65825,final
83787,2026-06-11T00:00:00,2,1009986,SS1003,249.0,30.461847,69.92677,143.86346,196.40295,410.32928,475.8545,47.32867,73.913246,86.37318,final
83788,2026-06-21T00:00:00,2,1009986,SS1003,249.0,45.004017,62.724094,154.71085,199.43,395.10443,513.56226,73.8349,78.12496,77.15649,final
83789,2026-07-01T00:00:00,2,1009986,SS1003,249.0,77.65864,56.9,153.12451,189.55087,445.9518,529.9429,133.53577,81.27669,84.29906,final
83790,2026-07-11T00:00:00,2,1009986,SS1003,249.0,32.465862,59.470684,155.12852,179.09479,450.06827,540.21045,58.11302,86.98157,83.46654,final
83791,2026-07-21T00:00:00,2,1009986,SS1003,249.0,41.30522,65.295044,151.42972,181.66573,441.86346,554.65875,65.872665,83.802055,79.8457,final
83792,2026-08-01T00:00:00,2,1009986,SS1003,249.0,33.971886,63.621284,107.74297,188.38701,427.99197,561.7285,56.792706,58.29915,76.40201,prelim
83793,2026-08-11T00:00:00,2,1009986,SS1003,249.0,39.726906,60.727444,115.00401,189.64377,413.99597,565.1415,68.04906,61.65315,73.48983,prelim
85414,2026-01-01T00:00:00,2,1009987,SS0605,99.0,0.0,0.0033670033,0.0,0.0033670033,43.57576,53.300335,99.93271,99.93271,83.31987,final
85415,2026-01-11T00:00:00,2,1009987,SS0605,99.0,0.0,0.01077441,0.0,0.014141414,18.909092,28.111784,99.78497,99.71797,72.20719,final
85416,2026-01-21T00:00:00,2,1009987,SS0605,99.0,0.0,0.02087542,0.0,0.035016835,11.808081,8.5781145,99.58423,99.304535,123.78803,final
85417,2026-02-01T00:00:00,2,1009987,SS0605,99.0,0.0,0.0,0.0,0.03164983,2.3636363,2.6249158,100.0,99.37098,96.57334,final
85418,2026-02-11T00:00:00,2,1009987,SS0605,99.0,0.0,0.0,0.0,0.02087542,1.050505,1.0026937,100.0,99.58423,100.79649,final
85419,2026-02-21T00:00:00,2,1009987,SS0605,99.0,0.5151515,0.4723906,0.5151515,0.4723906,0.94949496,0.8457913,100.781395,100.781395,101.77399,final
85420,2026-03-01T00:00:00,2,1009987,SS0605,99.0,2.4747474,1.6727272,2.989899,2.1451178,2.989899,2.1801348,112.01939,111.82319,111.27784,final
85421,2026-03-11T00:00:00,2,1009987,SS0605,99.0,5.212121,2.475084,8.20202,4.620202,8.20202,4.655219,136.61546,137.23224,136.73454,final
85422,2026-03-21T00:00:00,2,1009987,SS0605,99.0,12.010101,4.7353535,19.69697,8.883165,20.21212,9.390573,174.72505,177.8915,175.19887,final
85423,2026-04-01T00:00:00,2,1009987,SS0605,99.0,17.454546,10.628619,34.676765,17.839058,37.666664,20.015825,143.67581,173.7233,170.55869,final
85424,2026-04-11T00:00:00,2,1009987,SS0605,99.0,15.545455,13.76936,45.0101,29.133333,53.21212,33.77441,109.46274,146.51398,150.13025,final
85425,2026-04-21T00:00:00,2,1009987,SS0605,99.0,14.313131,17.844444,47.313133,42.242424,67.52525,51.59798,84.541916,110.733376,128.14105,final
85426,2026-05-01T00:00:00,2,1009987,SS0605,99.0,9.989899,26.612457,39.848484,58.22626,77.51515,78.210434,47.417694,70.93332,99.16443,final
85427,2026-05-11T00:00:00,2,1009987,SS0605,99.0,45.68687,27.336363,69.9899,71.79327,123.20203,105.5468,156.74883,97.65166,115.97082,final
85428,2026-05-21T00:00:00,2,1009987,SS0605,99.0,19.232323,37.0697,74.90909,91.01852,141.91919,142.1441,57.60042,83.22258,99.847145,final
85429,2026-06-01T00:00:00,2,1009987,SS0605,99.0,14.444445,46.608418,79.36363,111.01448,153.8889,187.0798,37.676888,72.71819,82.72025,final
85430,2026-06-11T00:00:00,2,1009987,SS0605,99.0,23.737373,45.78754,57.41414,129.46565,172.41415,230.39226,56.58351,46.416416,75.369576,final
85431,2026-06-21T00:00:00,2,1009987,SS0605,99.0,50.535355,44.870033,88.71717,137.26599,210.9394,270.52695,111.36017,65.87461,78.373245,final
85432,2026-07-01T00:00:00,2,1009987,SS0605,99.0,62.11111,62.892593,136.38383,153.55017,255.59596,322.79092,98.84895,89.17293,79.500656,final
85433,2026-07-11T00:00:00,2,1009987,SS0605,99.0,45.39394,61.567677,158.0404,169.3303,285.44446,370.58923,75.70332,93.52384,77.330345,final
85434,2026-07-21T00:00:00,2,1009987,SS0605,99.0,44.40404,69.99933,151.90909,194.4596,315.53537,422.7441,65.87264,78.66711,74.93625,final
85435,2026-08-01T00:00:00,2,1009987,SS0605,99.0,53.949493,57.88653,143.74747,189.45354,359.49496,454.0182,93.739456,76.495125,79.40752,prelim
85436,2026-08-11T00:00:00,2,1009987,SS0605,99.0,33.525253,56.608753,131.87878,184.49461,347.3333,483.29056,62.53211,72.2336,72.15649,prelim
87057,2026-01-01T00:00:00,2,1009988,SS0606,139.0,0.0,0.0,0.0,0.0,33.90647,64.91511,100.0,100.0,55.64816,final
87058,2026-01-11T00:00:00,2,1009988,SS0606,139.0,0.0,0.0,0.0,0.0,16.697842,32.10312,100.0,100.0,58.479836,final
87059,2026-01-21T00:00:00,2,1009988,SS0606,139.0,0.0,0.003357314,0.0,0.003357314,4.8345323,6.504317,99.9329,99.9329,85.48558,final
87060,2026-02-01T00:00:00,2,1009988,SS0606,139.0,0.0,0.0,0.0,0.003357314,0.16546762,0.34220624,100.0,99.9329,96.691666,final
87061,2026-02-11T00:00:00,2,1009988,SS0606,139.0,0.007194245,0.007194245,0.007194245,0.010551559,0.057553954,0.031894483,100.0,99.93299,100.50993,final
87062,2026-02-21T00:00:00,2,1009988,SS0606,139.0,0.6115108,0.4822542,0.61870503,0.48944846,0.66906476,0.5009592,102.357735,102.35464,103.055916,final
87063,2026-03-01T00:00:00,2,1009988,SS0606,139.0,1.4964029,1.8431655,2.115108,2.332614,2.115108,2.335971,94.93272,97.03372,96.98932,final
87064,2026-03-11T00:00:00,2,1009988,SS0606,139.0,5.3381295,2.0163069,7.446043,4.341727,7.4532375,4.352278,147.34431,133.23065,133.15727,final
87065,2026-03-21T00:00:00,2,1009988,SS0606,139.0,6.5395684,3.671223,13.374101,7.5306954,13.9928055,8.023501,133.0789,146.63274,145.83487,final
87066,2026-04-01T00:00:00,2,1009988,SS0606,139.0,12.942446,5.147242,24.820145,10.834772,26.935251,13.170743,176.82092,188.32065,175.75095,final
87067,2026-04-11T00:00:00,2,1009988,SS0606,139.0,6.438849,6.7110314,25.920862,15.529497,33.3741,19.881775,97.67585,150.61676,154.22574,final
87068,2026-04-21T00:00:00,2,1009988,SS0606,139.0,9.258993,10.704556,28.640287,22.56283,42.633095,30.582973,90.79526,122.04948,133.86485,final
87069,2026-05-01T00:00:00,2,1009988,SS0606,139.0,9.733813,24.702877,25.431656,42.118465,52.36691,55.28585,49.603992,64.58541,95.158165,final
87070,2026-05-11T00:00:00,2,1009988,SS0606,139.0,43.122303,25.395205,62.11511,60.80264,95.48202,80.67386,158.32202,101.99455,117.28433,final
87071,2026-05-21T00:00:00,2,1009988,SS0606,139.0,26.86331,34.15204,79.71943,84.25012,121.73382,114.34365,81.38353,94.9236,106.19234,final
87072,2026-06-01T00:00:00,2,1009988,SS0606,139.0,56.992805,47.43621,126.97842,106.98345,177.23022,159.93669,118.22518,117.855286,110.484955,final
87073,2026-06-11T00:00:00,2,1009988,SS0606,139.0,29.705036,45.770264,113.56116,127.35851,201.59712,203.69064,68.35702,89.57577,98.996826,final
87074,2026-06-21T00:00:00,2,1009988,SS0606,139.0,34.208633,46.144123,120.90648,139.3506,229.26617,246.16354,76.66303,87.22269,93.27236,final
87075,2026-07-01T00:00:00,2,1009988,SS0606,139.0,54.604317,55.08681,118.51799,147.0012,270.92804,296.10312,99.19701,81.26119,91.639046,final
87076,2026-07-11T00:00:00,2,1009988,SS0606,139.0,42.467625,53.402397,131.28058,154.63333,306.95682,342.7945,81.27685,85.371,89.69573,final
87077,2026-07-21T00:00:00,2,1009988,SS0606,139.0,41.20144,64.98561,138.27338,173.47482,338.8993,397.07553,66.015625,80.27652,85.53102,final
87078,2026-08-01T00:00:00,2,1009988,SS0606,139.0,51.08633,62.21007,134.7554,180.59808,380.2518,434.58273,83.449295,75.300026,87.64034,prelim
87079,2026-08-11T00:00:00,2,1009988,SS0606,139.0,39.61151,63.219666,131.89928,190.41534,376.74103,472.4072,65.39392,70.05554,79.9613,prelim
88700,2026-01-01T00:00:00,2,1009989,SS0709,233.0,0.0,0.0,0.0,0.0,90.38626,72.04578,100.0,100.0,123.804665,final
88701,2026-01-11T00:00:00,2,1009989,SS0709,233.0,0.0,0.0,0.0,0.0,28.854078,34.252934,100.0,100.0,86.24599,final
88702,2026-01-21T00:00:00,2,1009989,SS0709,233.0,0.0,0.0,0.0,0.0,11.317596,4.344063,100.0,100.0,174.63065,final
88703,2026-02-01T00:00:00,2,1009989,SS0709,233.0,0.0,0.0,0.0,0.0,0.38626608,0.13547926,100.0,100.0,104.88342,final
88704,2026-02-11T00:00:00,2,1009989,SS0709,233.0,0.0,0.0,0.0,0.0,0.06866953,0.040057223,100.0,100.0,100.567696,final
88705,2026-02-21T00:00:00,2,1009989,SS0709,233.0,0.0,0.0035765378,0.0,0.0035765378,0.06866953,0.0434907,99.92851,99.92851,100.49922,final
88706,2026-03-01T00:00:00,2,1009989,SS0709,233.0,0.45922747,0.48569384,0.45922747,0.4892704,0.45922747,0.4892704,99.51753,99.452705,99.452705,final
88707,2026-03-11T00:00:00,2,1009989,SS0709,233.0,1.248927,0.9380544,1.7081544,1.4273248,1.7081544,1.4273248,105.23525,104.369316,104.369316,final
88708,2026-03-21T00:00:00,2,1009989,SS0709,233.0,2.6008584,1.2798283,4.309013,2.7035766,4.309013,2.707153,121.0361,120.84014,120.784065,final
88709,2026-04-01T00:00:00,2,1009989,SS0709,233.0,7.532189,2.6168814,11.381974,4.834764,11.841202,5.324034,164.53175,166.5721,163.12619,final
88710,2026-04-11T00:00:00,2,1009989,SS0709,233.0,7.639485,3.3945637,17.772532,7.291273,19.480686,8.718598,150.56749,185.27399,178.4489,final
88711,2026-04-21T00:00:00,2,1009989,SS0709,233.0,3.27897,7.6422033,18.450644,13.653648,22.759657,16.360802,65.48676,125.716125,129.95607,final
88712,2026-05-01T00:00:00,2,1009989,SS0709,233.0,32.44635,22.095709,43.364807,33.132477,55.20601,38.45651,138.2003,126.83364,138.54312,final
88713,2026-05-11T00:00:00,2,1009989,SS0709,233.0,50.759655,21.670244,86.48497,51.408154,105.96567,60.12675,209.07066,162.18396,170.38414,final
88714,2026-05-21T00:00:00,2,1009989,SS0709,233.0,13.896996,30.195421,97.103004,73.96137,119.86266,90.318596,53.69163,129.30753,130.99507,final
88715,2026-06-01T00:00:00,2,1009989,SS0709,233.0,30.703863,29.36824,95.36051,81.2339,150.1073,119.20114,103.88622,116.381744,124.883965,final
88716,2026-06-11T00:00:00,2,1009989,SS0709,233.0,23.25322,30.033333,67.85408,89.59699,172.11159,148.29643,80.64668,77.01522,115.53537,final
88717,2026-06-21T00:00:00,2,1009989,SS0709,233.0,17.270386,34.497566,71.22747,93.89914,186.78111,181.51416,56.3842,77.07597,102.82389,final
88718,2026-07-01T00:00:00,2,1009989,SS0709,233.0,22.712446,45.78727,63.236053,110.31817,201.96138,224.68456,54.565735,59.171986,90.10679,final
88719,2026-07-11T00:00:00,2,1009989,SS0709,233.0,48.738197,45.40172,88.72103,125.686554,243.06009,266.6917,106.619774,71.71436,91.30204,final
88720,2026-07-21T00:00:00,2,1009989,SS0709,233.0,71.283264,59.946495,142.73392,151.13548,311.0644,318.996,117.45555,94.61906,97.55194,final
88721,2026-08-01T00:00:00,2,1009989,SS0709,233.0,79.83691,45.889843,199.85837,151.23805,358.45496,342.79013,166.70695,131.11938,104.504105,prelim
88722,2026-08-11T00:00:00,2,1009989,SS0709,233.0,38.828327,54.33777,189.9485,160.1741,346.52362,375.45764,73.86244,118.02606,92.39494,prelim
90343,2026-01-01T00:00:00,2,1009990,SS0104,42.0,2.7142856,5.020635,39.2381,18.830952,234.35713,269.75952,76.984,185.63295,87.115135,final
90344,2026-01-11T00:00:00,2,1009990,SS0104,42.0,2.2142856,4.31746,38.64286,16.377777,197.83331,205.80873,77.427605,204.1506,96.21675,final
90345,2026-01-21T00:00:00,2,1009990,SS0104,42.0,2.2857144,5.3761907,7.214286,14.714286,113.309525,137.1627,70.2157,61.95652,83.22121,final
90346,2026-02-01T00:00:00,2,1009990,SS0104,42.0,11.214286,5.997619,15.714286,15.69127,95.40476,101.569046,147.43451,100.111244,94.21569,final
90347,2026-02-11T00:00:00,2,1009990,SS0104,42.0,14.785714,7.284127,28.285713,18.657936,87.04762,77.262695,161.0673,140.69577,111.89473,final
90348,2026-02-21T00:00:00,2,1009990,SS0104,42.0,10.666667,8.599206,36.666668,21.880953,91.47619,62.948414,115.202805,155.00443,141.98447,final
90349,2026-03-01T00:00:00,2,1009990,SS0104,42.0,10.476191,19.697618,35.928574,35.58095,90.88095,70.10317,62.662685,100.85661,127.66565,final
90350,2026-03-11T00:00:00,2,1009990,SS0104,42.0,31.452381,21.680952,52.595238,49.97778,119.5238,85.01349,136.62325,104.76093,138.33905,final
90351,2026-03-21T00:00:00,2,1009990,SS0104,42.0,80.47619,33.99206,122.40476,75.370636,166.2857,111.96587,219.21434,158.52153,146.44075,final
90352,2026-04-01T00:00:00,2,1009990,SS0104,42.0,19.595238,44.15635,131.5238,99.82936,183.16669,151.1016,50.034714,130.23431,120.54117,final
90353,2026-04-11T00:00:00,2,1009990,SS0104,42.0,32.261906,51.40159,132.33333,129.55,213.2143,198.18571,66.065346,102.06862,107.39647,final
90354,2026-04-21T00:00:00,2,1009990,SS0104,42.0,74.190475,55.135715,126.04762,150.69365,285.11908,247.94524,131.68626,84.17018,114.696396,final
90355,2026-05-01T00:00:00,2,1009990,SS0104,42.0,52.261906,50.746826,158.71428,157.28412,326.1667,292.69446,102.71778,100.88126,111.24382,final
90356,2026-05-11T00:00:00,2,1009990,SS0104,42.0,40.88095,54.442856,167.33333,160.3254,352.26187,339.85318,77.18497,104.23887,103.59825,final
90357,2026-05-21T00:00:00,2,1009990,SS0104,42.0,20.071428,51.234127,113.21428,156.42381,361.6667,382.4881,44.584007,73.23225,94.62657,final
90358,2026-06-01T00:00:00,2,1009990,SS0104,42.0,33.57143,55.589684,94.5238,161.26666,384.76193,418.38016,63.66006,59.85794,92.05956,final
90359,2026-06-11T00:00:00,2,1009990,SS0104,42.0,18.47619,52.54524,72.11905,159.36905,371.78574,449.24445,40.796062,46.918232,82.94779,final
90360,2026-06-21T00:00:00,2,1009990,SS0104,42.0,20.333334,51.32143,72.38096,159.45634,311.64288,466.5738,44.97992,47.05258,67.14599,final
90361,2026-07-01T00:00:00,2,1009990,SS0104,42.0,81.5,50.366665,120.309525,154.23334,373.5476,472.78412,156.23119,78.69553,79.22984,final
90362,2026-07-11T00:00:00,2,1009990,SS0104,42.0,32.666668,52.26984,134.5,153.95793,373.95236,473.65237,65.770515,87.75906,79.170685,final
90363,2026-07-21T00:00:00,2,1009990,SS0104,42.0,33.785713,60.296825,147.9524,162.93333,333.54758,478.8135,59.399075,91.07924,69.97481,final
90364,2026-08-01T00:00:00,2,1009990,SS0104,42.0,43.309525,55.7746,109.7619,168.34126,324.5952,483.84128,79.48966,66.20576,67.42377,prelim
90365,2026-08-11T00:00:00,2,1009990,SS0104,42.0,32.666668,54.274605,109.7619,170.34604,316.38095,483.673,63.546043,65.448814,65.76605,prelim
91986,2026-01-01T00:00:00,2,1009991,SS1004,166.0,1.2409638,1.4409639,3.686747,2.6463854,116.7711,156.15201,96.894875,113.60593,75.56288,final
91987,2026-01-11T00:00:00,2,1009991,SS1004,166.0,0.9939759,1.4423695,4.210843,3.3883533,89.25905,107.56466,93.039925,109.805145,83.73769,final
91988,2026-01-21T00:00:00,2,1009991,SS1004,166.0,1.1144578,2.0158634,3.3493974,4.8991966,38.08433,55.265465,87.15189,84.34419,71.49091,final
91989,2026-02-01T00:00:00,2,1009991,SS1004,166.0,1.4638554,1.8971888,3.572289,5.3554215,20.53012,34.53454,93.71725,82.780685,64.57675,final
91990,2026-02-11T00:00:00,2,1009991,SS1004,166.0,5.5,2.896988,8.078314,6.81004,18.993977,23.794376,132.96208,110.738945,83.32869,final
91991,2026-02-21T00:00:00,2,1009991,SS1004,166.0,3.626506,3.9700804,10.590362,8.764257,19.319279,19.384539,96.16977,113.267006,99.73237,final
91992,2026-03-01T00:00:00,2,1009991,SS1004,166.0,5.9036145,11.437551,15.030121,18.304619,22.289158,26.306425,66.33357,85.94915,87.167915,final
91993,2026-03-11T00:00:00,2,1009991,SS1004,166.0,21.981928,15.100803,31.512049,30.508432,43.801205,40.70683,134.23308,102.826416,106.77005,final
91994,2026-03-21T00:00:00,2,1009991,SS1004,166.0,59.0,20.158834,86.885544,46.69719,100.8253,60.36064,254.3838,177.73799,161.90984,final
91995,2026-04-01T00:00:00,2,1009991,SS1004,166.0,15.210843,29.44739,96.19277,64.70703,114.79518,88.367065,58.671623,145.16867,128.30562,final
91996,2026-04-11T00:00:00,2,1009991,SS1004,166.0,18.789156,39.456226,93.0,89.06245,132.59036,126.38093,53.511417,104.186104,104.72629,final
91997,2026-04-21T00:00:00,2,1009991,SS1004,166.0,46.70482,39.990562,80.70482,108.89418,178.18073,164.35562,114.923706,75.24952,108.16336,final
91998,2026-05-01T00:00:00,2,1009991,SS1004,166.0,37.246986,45.56968,102.74096,125.016464,213.96387,208.02812,83.54213,82.867165,102.78636,final
91999,2026-05-11T00:00:00,2,1009991,SS1004,166.0,40.307228,45.753815,124.25903,131.31406,248.77106,250.88495,89.268616,94.82443,99.17389,final
92000,2026-05-21T00:00:00,2,1009991,SS1004,166.0,29.89759,45.896587,107.451805,137.22008,275.04214,292.81143,68.56568,79.06887,94.03338,final
92001,2026-06-01T00:00:00,2,1009991,SS1004,166.0,48.849396,51.551205,119.054214,143.2016,317.9879,332.9251,95.22237,83.7064,95.579735,final
92002,2026-06-11T00:00:00,2,1009991,SS1004,166.0,15.493976,52.42751,94.24096,149.8753,311.5,370.2518,35.68669,64.07797,84.34337,final
92003,2026-06-21T00:00:00,2,1009991,SS1004,166.0,29.783133,51.356625,94.1265,155.33534,282.2831,401.4496,61.719692,61.82449,70.68112,final
92004,2026-07-01T00:00:00,2,1009991,SS1004,166.0,56.03012,46.74779,101.30723,150.53192,323.1024,418.75,117.93764,68.350746,77.42829,final
92005,2026-07-11T00:00:00,2,1009991,SS1004,166.0,26.95783,51.145382,112.77109,149.2498,331.27106,430.43915,56.919785,76.35088,77.22572,final
92006,2026-07-21T00:00:00,2,1009991,SS1004,166.0,36.512047,54.7,119.5,152.59317,321.0783,445.1486,69.53442,79.000885,72.43793,final
92007,2026-08-01T00:00:00,2,1009991,SS1004,166.0,28.481928,50.77952,91.951805,156.6249,312.31323,450.35843,60.025482,59.98569,69.68428,prelim
92008,2026-08-11T00:00:00,2,1009991,SS1004,166.0,41.70482,49.80502,106.69879,155.28453,313.71082,454.40964,85.21997,69.68782,69.37399,prelim
93629,2026-01-01T00:00:00,2,1009992,SS1005,189.0,1.5026455,1.8462081,5.291005,3.7506173,136.5238,162.13245,94.98171,117.603195,84.677635,final
93630,2026-01-11T00:00:00,2,1009992,SS1005,189.0,1.1693121,1.8756614,5.8095236,4.65485,100.33333,112.255905,89.726814,111.95952,89.832,final
93631,2026-01-21T00:00:00,2,1009992,SS1005,189.0,2.2433863,2.6698413,4.9153438,6.3917108,45.518517,60.61852,94.43985,87.03999,76.988205,final
93632,2026-02-01T00:00:00,2,1009992,SS1005,189.0,1.9100529,2.7174604,5.322751,7.262963,22.634922,40.244972,89.5379,84.17828,61.078434,final
93633,2026-02-11T00:00:00,2,1009992,SS1005,189.0,7.4179893,3.7502646,11.571428,9.137566,25.079365,29.312874,141.91559,117.215576,87.66204,final
93634,2026-02-21T00:00:00,2,1009992,SS1005,189.0,5.8042326,4.7236333,15.132275,11.191358,26.867725,24.058378,111.11313,124.33964,109.667946,final
93635,2026-03-01T00:00:00,2,1009992,SS1005,189.0,5.5238094,13.0552025,18.74603,21.5291,29.359789,32.542683,58.28685,89.50937,91.52193,final
93636,2026-03-11T00:00:00,2,1009992,SS1005,189.0,24.25926,16.853262,35.587303,34.6321,52.968254,48.424515,133.88968,102.41017,108.504974,final
93637,2026-03-21T00:00:00,2,1009992,SS1005,189.0,53.50794,21.761728,83.29101,51.670193,103.33862,69.253265,218.6254,155.79797,145.90419,final
93638,2026-04-01T00:00:00,2,1009992,SS1005,189.0,20.10582,33.60159,97.87302,72.216576,121.9418,101.008644,65.03831,133.2266,119.74665,final
93639,2026-04-11T00:00:00,2,1009992,SS1005,189.0,25.825397,43.201588,99.43915,98.5649,146.59789,142.33456,63.950996,100.844154,102.89362,final
93640,2026-04-21T00:00:00,2,1009992,SS1005,189.0,40.32275,43.886066,86.25397,120.68924,184.67725,183.5508,92.710976,72.60285,100.59743,final
93641,2026-05-01T00:00:00,2,1009992,SS1005,189.0,41.37566,51.65979,107.5238,138.74744,224.14285,232.49312,81.84933,78.278824,96.484,final
93642,2026-05-11T00:00:00,2,1009992,SS1005,189.0,42.402115,50.10441,124.100525,145.65027,259.12698,278.84726,86.02236,85.69552,93.052505,final
93643,2026-05-21T00:00:00,2,1009992,SS1005,189.0,31.973545,51.804234,115.75131,153.56844,285.2963,325.92786,65.08942,76.15091,87.721924,final
93644,2026-06-01T00:00:00,2,1009992,SS1005,189.0,64.79894,59.794003,139.17459,161.70265,344.57144,372.66666,107.72438,86.486084,92.560844,final
93645,2026-06-11T00:00:00,2,1009992,SS1005,189.0,23.169312,61.799824,119.9418,173.39806,343.48148,417.61322,42.169743,70.0354,82.458725,final
93646,2026-06-21T00:00:00,2,1009992,SS1005,189.0,35.708996,58.236862,123.677246,179.83069,325.68253,454.08835,64.37542,69.61898,72.03026,final
93647,2026-07-01T00:00:00,2,1009992,SS1005,189.0,65.62963,50.882362,124.507935,170.91905,371.20633,471.36914,126.38985,73.61791,78.9737,final
93648,2026-07-11T00:00:00,2,1009992,SS1005,189.0,26.291006,54.915695,127.62963,164.03493,371.67197,483.08325,52.22506,78.46286,77.173706,final
93649,2026-07-21T00:00:00,2,1009992,SS1005,189.0,36.89418,59.926277,128.81482,165.72433,368.2434,499.12344,64.52577,78.38064,74.0381,final
93650,2026-08-01T00:00:00,2,1009992,SS1005,189.0,32.412697,58.566666,95.597885,173.40865,359.28043,506.03033,58.855843,56.386215,71.28352,prelim
93651,2026-08-11T00:00:00,2,1009992,SS1005,189.0,43.814816,54.868607,113.12169,173.36156,360.6931,510.79453,81.536575,66.22598,70.89899,prelim
95272,2026-01-01T00:00:00,2,1009993,SS1006,185.0,0.75135136,0.8378378,1.9027027,1.4291892,99.42161,109.48522,98.518524,107.36506,91.20969,final
95273,2026-01-11T00:00:00,2,1009993,SS1006,185.0,0.6918919,0.87945944,2.2864866,1.9634234,66.075676,70.53964,96.809784,104.639435,94.09056,final
95274,2026-01-21T00:00:00,2,1009993,SS1006,185.0,0.9459459,1.5675676,2.3891892,3.284865,26.481081,31.446486,90.53497,89.18902,86.376175,final
95275,2026-02-01T00:00:00,2,1009993,SS1006,185.0,1.318919,1.1754955,2.9567568,3.6225226,10.870271,18.715675,102.32246,92.27876,66.91891,final
95276,2026-02-11T00:00:00,2,1009993,SS1006,185.0,3.2378378,2.0603604,5.5027027,4.8034234,12.421622,13.92018,116.6773,107.13302,92.07958,final
95277,2026-02-21T00:00:00,2,1009993,SS1006,185.0,4.1945944,3.294054,8.751351,6.52991,14.491892,12.732432,110.857666,119.26677,109.922264,final
95278,2026-03-01T00:00:00,2,1009993,SS1006,185.0,3.372973,9.709189,10.805405,15.063603,15.6648655,20.115314,56.923412,78.776505,82.27994,final
95279,2026-03-11T00:00:00,2,1009993,SS1006,185.0,17.967567,13.248829,25.535135,26.252071,33.324326,33.018917,125.85776,97.705956,100.80331,final
95280,2026-03-21T00:00:00,2,1009993,SS1006,185.0,48.156757,18.404684,69.4973,41.3627,80.63783,51.17748,227.12016,160.68369,152.44157,final
95281,2026-04-01T00:00:00,2,1009993,SS1006,185.0,20.054054,25.667208,86.17838,57.32072,99.940544,76.00684,81.69656,146.30508,129.54529,final
95282,2026-04-11T00:00:00,2,1009993,SS1006,185.0,22.567568,33.698196,90.77838,77.77009,121.816216,108.825584,71.23734,115.71617,111.41275,final
95283,2026-04-21T00:00:00,2,1009993,SS1006,185.0,34.886486,36.77153,77.5081,96.13694,155.75676,144.02956,95.48725,81.58058,107.86904,final
95284,2026-05-01T00:00:00,2,1009993,SS1006,185.0,41.27027,52.47225,98.72433,122.94198,195.7081,195.32631,80.50889,81.07138,100.19058,final
95285,2026-05-11T00:00:00,2,1009993,SS1006,185.0,46.07027,51.08883,122.22702,140.33261,238.54054,244.35478,91.052475,87.54196,97.66828,final
95286,2026-05-21T00:00:00,2,1009993,SS1006,185.0,24.875675,51.674774,112.21622,155.23586,259.22162,292.7355,52.71424,73.152306,88.743744,final
95287,2026-06-01T00:00:00,2,1009993,SS1006,185.0,56.794594,57.3209,127.74054,160.0845,312.64325,340.3472,99.155495,80.40763,91.97794,final
95288,2026-06-11T00:00:00,2,1009993,SS1006,185.0,27.259459,59.729008,108.92973,168.72469,321.93515,386.8274,49.83772,65.58063,83.43856,final
95289,2026-06-21T00:00:00,2,1009993,SS1006,185.0,35.783783,54.852432,119.83784,171.90234,309.56216,423.27515,68.140564,70.56879,73.448616,final
95290,2026-07-01T00:00:00,2,1009993,SS1006,185.0,58.0,46.002163,121.04324,160.5836,347.50812,443.61008,123.52418,76.120605,78.57784,final
95291,2026-07-11T00:00:00,2,1009993,SS1006,185.0,33.62162,52.495136,127.4054,153.34973,358.56213,462.407,67.17372,83.6158,77.782776,final
95292,2026-07-21T00:00:00,2,1009993,SS1006,185.0,36.718918,57.09964,128.34055,155.59694,360.3946,482.73514,67.18061,83.02807,74.9166,final
95293,2026-08-01T00:00:00,2,1009993,SS1006,185.0,32.556755,56.564323,102.89729,166.1591,351.6811,486.8272,61.00409,63.039177,72.52163,prelim
95294,2026-08-11T00:00:00,2,1009993,SS1006,185.0,38.291893,55.234234,107.567566,168.8982,343.90274,490.97263,71.872574,64.73188,70.347176,prelim
96915,2026-01-01T00:00:00,2,1009994,SS1007,301.0,0.2026578,0.17331119,0.24916944,0.19213732,146.38205,149.2238,100.56727,101.09843,98.15738,final
96916,2026-01-11T00:00:00,2,1009994,SS1007,301.0,0.27906978,0.25470653,0.5215947,0.4332226,72.39535,87.52713,100.46365,101.6265,83.64611,final
96917,2026-01-21T00:00:00,2,1009994,SS1007,301.0,0.9667774,1.327021,1.4485049,1.7550387,31.282394,31.39258,94.30627,95.46214,99.697235,final
96918,2026-02-01T00:00:00,2,1009994,SS1007,301.0,2.1727574,1.8076413,3.4186046,3.3893688,9.006644,15.76124,105.363335,100.34849,67.465355,final
96919,2026-02-11T00:00:00,2,1009994,SS1007,301.0,3.3056479,2.4708748,6.445183,5.605537,10.637874,11.285604,111.1737,107.917046,96.02269,final
96920,2026-02-21T00:00:00,2,1009994,SS1007,301.0,2.9069767,3.5511627,8.385382,7.829679,11.548173,11.184053,92.46668,104.33138,102.24986,final
96921,2026-03-01T00:00:00,2,1009994,SS1007,301.0,5.571429,8.491584,11.784054,14.513621,15.451828,18.095127,78.35572,86.01198,88.55473,final
96922,2026-03-11T00:00:00,2,1009994,SS1007,301.0,25.614618,10.565559,34.093025,22.608305,41.0598,28.647066,196.68178,141.59879,136.89099,final
96923,2026-03-21T00:00:00,2,1009994,SS1007,301.0,44.225914,15.440199,75.41196,34.49734,85.24585,44.08206,240.82895,203.58827,183.86728,final
96924,2026-04-01T00:00:00,2,1009994,SS1007,301.0,22.39867,25.191252,92.2392,51.19701,107.441864,69.1,90.75036,173.03268,151.74341,final
96925,2026-04-11T00:00:00,2,1009994,SS1007,301.0,16.083057,32.154263,82.70764,72.78571,123.24585,100.99956,56.74465,112.75546,120.98715,final
96926,2026-04-21T00:00:00,2,1009994,SS1007,301.0,26.009966,32.945847,64.49169,90.29136,148.28903,132.61838,81.721634,72.92549,111.38704,final
96927,2026-05-01T00:00:00,2,1009994,SS1007,301.0,31.996677,51.08826,74.08971,116.18837,178.11295,181.899,65.96153,65.261795,97.97427,final
96928,2026-05-11T00:00:00,2,1009994,SS1007,301.0,67.84053,49.962128,125.847176,133.99623,242.64783,229.39026,132.5286,94.13721,105.6562,final
96929,2026-05-21T00:00:00,2,1009994,SS1007,301.0,47.760796,57.55238,147.59799,158.60277,287.50165,283.39148,84.34659,93.273476,101.42521,final
96930,2026-06-01T00:00:00,2,1009994,SS1007,301.0,64.45515,61.463898,180.05647,168.97841,346.38535,336.3638,104.500565,106.36749,102.935745,final
96931,2026-06-11T00:00:00,2,1009994,SS1007,301.0,47.11628,71.49191,159.33221,190.5082,367.88702,397.29013,68.13306,84.05387,92.69107,final
96932,2026-06-21T00:00:00,2,1009994,SS1007,301.0,73.009964,61.784496,184.58139,194.74031,396.67108,443.63443,116.80849,94.91393,89.53194,final
96933,2026-07-01T00:00:00,2,1009994,SS1007,301.0,57.900333,61.563232,178.02658,194.83965,432.17273,480.0064,94.497116,91.58672,90.13752,final
96934,2026-07-11T00:00:00,2,1009994,SS1007,301.0,48.996677,56.185493,179.90697,179.53322,465.08633,504.03766,88.250786,100.20254,92.348045,final
96935,2026-07-21T00:00:00,2,1009994,SS1007,301.0,61.468437,67.24153,168.36545,184.99025,500.54483,538.3333,92.00862,91.24966,93.04506,final
96936,2026-08-01T00:00:00,2,1009994,SS1007,301.0,69.079735,70.338425,179.54486,193.76544,537.6279,557.5835,98.329285,92.84555,96.452866,prelim
96937,2026-08-11T00:00:00,2,1009994,SS1007,301.0,50.76412,66.66202,181.31229,204.24197,520.5515,574.2834,77.815445,89.04154,90.72443,prelim
98558,2026-01-01T00:00:00,2,1009995,SS0307,231.0,0.0,0.0034632036,0.0,0.0034632036,53.84416,56.084274,99.93078,99.93078,96.33275,final
98559,2026-01-11T00:00:00,2,1009995,SS0307,231.0,0.0,0.0064935065,0.0,0.00995671,25.16883,29.164501,99.87029,99.80126,88.30461,final
98560,2026-01-21T00:00:00,2,1009995,SS0307,231.0,0.0,0.01010101,0.0,0.02005772,13.718616,6.198557,99.79839,99.60045,167.15205,final
98561,2026-02-01T00:00:00,2,1009995,SS0307,231.0,0.0,0.0,0.0,0.016594516,0.67965364,0.7105339,100.0,99.66921,99.459236,final
98562,2026-02-11T00:00:00,2,1009995,SS0307,231.0,0.0,0.0,0.0,0.01010101,0.23809522,0.13650794,100.0,99.79839,101.97775,final
98563,2026-02-21T00:00:00,2,1009995,SS0307,231.0,0.15151516,0.17792208,0.15151516,0.17792208,0.25541127,0.2792208,99.490005,99.490005,99.548996,final
98564,2026-03-01T00:00:00,2,1009995,SS0307,231.0,1.1428572,1.2008657,1.2943723,1.3787879,1.2943723,1.3988456,99.06451,98.67662,98.36732,final
98565,2026-03-11T00:00:00,2,1009995,SS0307,231.0,4.5281386,1.7712843,5.8225107,3.150072,5.8225107,3.1701298,140.71391,132.79036,132.46437,final
98566,2026-03-21T00:00:00,2,1009995,SS0307,231.0,8.229437,3.530303,13.900433,6.502453,14.051948,6.700433,155.08754,164.31653,162.83115,final
98567,2026-04-01T00:00:00,2,1009995,SS0307,231.0,27.099567,9.494949,39.857143,14.796536,41.151516,16.19192,221.45345,226.59087,217.77885,final
98568,2026-04-11T00:00:00,2,1009995,SS0307,231.0,17.30303,13.056421,52.632034,26.081673,58.454544,29.241846,123.51855,185.42128,185.31287,final
98569,2026-04-21T00:00:00,2,1009995,SS0307,231.0,9.090909,19.667532,53.493504,42.218903,67.545456,48.899277,57.123302,123.8773,134.59448,final
98570,2026-05-01T00:00:00,2,1009995,SS0307,231.0,32.121212,33.418037,58.515152,66.14199,99.66667,82.317314,96.624435,89.27941,119.869316,final
98571,2026-05-11T00:00:00,2,1009995,SS0307,231.0,72.52814,30.969696,113.74026,84.05527,172.19481,113.28701,215.53738,133.33322,149.80074,final
98572,2026-05-21T00:00:00,2,1009995,SS0307,231.0,17.22511,40.060608,121.874466,104.44834,189.2684,153.1697,49.3227,115.92178,122.82278,final
98573,2026-06-01T00:00:00,2,1009995,SS0307,231.0,50.16017,42.506493,139.91342,113.5368,238.28572,194.47533,116.1108,122.25185,121.96281,final
98574,2026-06-11T00:00:00,2,1009995,SS0307,231.0,22.619047,39.82208,90.00433,122.389175,256.37662,232.52612,61.619293,74.578026,110.041214,final
98575,2026-06-21T00:00:00,2,1009995,SS0307,231.0,33.112553,43.776333,105.89177,126.104904,281.25974,272.77216,78.13738,84.58247,103.055595,final
98576,2026-07-01T00:00:00,2,1009995,SS0307,231.0,41.12987,49.763783,96.861465,133.3622,295.29004,313.041,84.23427,73.61943,94.41866,final
98577,2026-07-11T00:00:00,2,1009995,SS0307,231.0,55.03896,51.83795,129.28139,145.37807,333.02597,351.8225,105.63181,89.29586,94.73225,final
98578,2026-07-21T00:00:00,2,1009995,SS0307,231.0,62.03896,61.412987,158.2078,163.01472,385.97406,393.56796,100.94254,97.138985,98.0947,final
98579,2026-08-01T00:00:00,2,1009995,SS0307,231.0,70.818184,54.042137,187.8961,167.29308,424.671,414.19208,128.4137,111.95814,102.49979,prelim
98580,2026-08-11T00:00:00,2,1009995,SS0307,231.0,33.54978,58.425396,166.40692,173.88052,385.69263,441.64777,60.779728,95.822014,87.4722,prelim
100201,2026-01-01T00:00:00,2,1009996,SS1008,213.0,1.57277,1.8283255,6.253521,4.793114,198.71358,186.90642,96.25742,114.91259,106.15256,final
100202,2026-01-11T00:00:00,2,1009996,SS1008,213.0,1.0140845,1.8097026,6.333333,5.183568,110.854454,123.61017,88.3164,111.2904,90.08188,final
100203,2026-01-21T00:00:00,2,1009996,SS1008,213.0,3.2816901,3.39108,5.8685446,7.029108,60.723003,60.201096,98.696365,90.35204,100.80047,final
100204,2026-02-01T00:00:00,2,1009996,SS1008,213.0,6.1361504,3.4176838,10.431925,8.618466,34.57277,40.559624,132.29471,113.31617,86.8593,final
100205,2026-02-11T00:00:00,2,1009996,SS1008,213.0,10.159624,4.8638496,19.577465,11.672613,35.953053,31.59061,153.68872,147.41219,111.9223,final
100206,2026-02-21T00:00:00,2,1009996,SS1008,213.0,6.4976525,6.863537,22.793427,15.14507,39.206573,29.20532,96.915886,137.9664,129.23888,final
100207,2026-03-01T00:00:00,2,1009996,SS1008,213.0,2.741784,18.525196,19.39906,30.252583,36.084507,43.66416,32.908478,69.21212,84.42457,final
100208,2026-03-11T00:00:00,2,1009996,SS1008,213.0,44.084507,22.722536,53.323944,48.111267,79.23474,64.96745,177.05634,109.81463,120.39132,final
100209,2026-03-21T00:00:00,2,1009996,SS1008,213.0,49.323944,25.988733,96.15024,67.236465,124.81221,89.410645,175.30225,140.02655,137.49742,final
100210,2026-04-01T00:00:00,2,1009996,SS1008,213.0,26.004694,38.765728,119.41314,87.477,149.24414,126.348045,70.8424,134.53415,117.43162,final
100211,2026-04-11T00:00:00,2,1009996,SS1008,213.0,28.906103,46.56072,104.23474,111.31518,177.13615,171.09906,65.75957,93.91271,103.42823,final
100212,2026-04-21T00:00:00,2,1009996,SS1008,213.0,55.507042,48.18795,110.41784,133.5144,229.36151,215.89594,113.7608,83.32551,106.09589,final
100213,2026-05-01T00:00:00,2,1009996,SS1008,213.0,48.19718,56.55055,132.61032,151.29922,271.42252,269.0288,86.428444,88.04287,100.87353,final
100214,2026-05-11T00:00:00,2,1009996,SS1008,213.0,62.394367,56.673553,166.09859,161.41205,323.6573,320.8385,109.27595,102.81622,100.86509,final
100215,2026-05-21T00:00:00,2,1009996,SS1008,213.0,48.511738,62.430202,159.10329,175.65431,365.6714,376.40515,79.3587,90.83829,97.18573,final
100216,2026-06-01T00:00:00,2,1009996,SS1008,213.0,67.58216,62.939438,178.48827,182.0432,430.51175,420.8194,106.833626,98.0994,102.27617,final
100217,2026-06-11T00:00:00,2,1009996,SS1008,213.0,43.953053,72.457436,160.04695,197.82707,430.3803,470.5543,63.199936,81.37324,91.55218,final
100218,2026-06-21T00:00:00,2,1009996,SS1008,213.0,51.892017,62.09562,163.42723,197.4925,432.94836,506.6612,84.79245,83.177025,85.59343,final
100219,2026-07-01T00:00:00,2,1009996,SS1008,213.0,54.07981,56.788105,149.92488,191.34116,461.02347,524.6836,95.616806,78.90596,87.98148,final
100220,2026-07-11T00:00:00,2,1009996,SS1008,213.0,41.68075,55.326603,147.65259,174.21033,473.79813,533.44946,77.38004,85.18069,88.921646,final
100221,2026-07-21T00:00:00,2,1009996,SS1008,213.0,48.084507,60.85931,143.84506,172.97401,466.3756,546.1208,80.60288,83.633026,85.530365,final
100222,2026-08-01T00:00:00,2,1009996,SS1008,213.0,60.661972,65.221756,150.42723,181.40767,478.8404,554.792,93.50659,83.38028,86.432175,prelim
100223,2026-08-11T00:00:00,2,1009996,SS1008,213.0,48.539906,69.42254,157.28638,195.5036,464.9859,567.541,71.940445,80.939384,82.08772,prelim
101844,2026-01-01T00:00:00,2,1009997,SS0607,178.0,0.0,0.0,0.0,0.0,48.376404,58.831837,100.0,100.0,83.620346,final
101845,2026-01-11T00:00:00,2,1009997,SS0607,178.0,0.0,0.0,0.0,0.0,27.191011,33.262173,100.0,100.0,84.13273,final
101846,2026-01-21T00:00:00,2,1009997,SS0607,178.0,0.0,0.008988764,0.0,0.008988764,10.679776,10.634831,99.82055,99.82055,100.28746,final
101847,2026-02-01T00:00:00,2,1009997,SS0607,178.0,0.0,0.00037453184,0.0,0.0093632955,3.1516855,3.6764045,99.992516,99.81309,93.95234,final
101848,2026-02-11T00:00:00,2,1009997,SS0607,178.0,0.07865169,0.08651686,0.07865169,0.09588015,2.1460674,1.7383895,99.845375,99.66193,106.05009,final
101849,2026-02-21T00:00:00,2,1009997,SS0607,178.0,0.994382,0.9777154,1.0730337,1.0646068,2.0842695,1.732397,100.27881,100.13895,105.226555,final
101850,2026-03-01T00:00:00,2,1009997,SS0607,178.0,2.6348314,2.4589887,3.7078652,3.523221,3.7078652,3.5325842,102.35746,102.16637,102.05425,final
101851,2026-03-11T00:00:00,2,1009997,SS0607,178.0,7.1235957,3.4365168,10.75281,6.873221,10.831461,6.969101,143.70381,132.67513,132.26942,final
101852,2026-03-21T00:00:00,2,1009997,SS0607,178.0,12.264045,6.0067415,22.022472,11.902247,23.095505,12.975842,156.84975,159.87502,156.29591,final
101853,2026-04-01T00:00:00,2,1009997,SS0607,178.0,16.960674,13.136891,36.348312,22.580149,40.05618,26.112734,121.0829,149.92056,144.81587,final
101854,2026-04-11T00:00:00,2,1009997,SS0607,178.0,12.646068,17.832771,41.87079,36.976406,52.702248,43.945507,77.28395,111.659836,117.8908,final
101855,2026-04-21T00:00:00,2,1009997,SS0607,178.0,24.061798,22.639887,53.66854,53.60955,76.764046,66.5764,105.14442,100.10065,114.233246,final
101856,2026-05-01T00:00:00,2,1009997,SS0607,178.0,16.044945,25.478651,52.75281,65.95131,92.80899,92.05468,69.04815,81.397804,100.7772,final
101857,2026-05-11T00:00:00,2,1009997,SS0607,178.0,36.606743,26.605993,76.713486,74.72453,129.33708,118.57416,131.64194,102.494774,108.709694,final
101858,2026-05-21T00:00:00,2,1009997,SS0607,178.0,16.870787,32.7118,69.52248,84.79644,145.21349,150.30824,57.994545,82.990456,96.71958,final
101859,2026-06-01T00:00:00,2,1009997,SS0607,178.0,22.573034,47.37659,76.05057,106.69438,165.15169,195.22585,52.64381,72.56459,84.97988,final
101860,2026-06-11T00:00:00,2,1009997,SS0607,178.0,17.792135,47.61105,57.235954,127.69944,175.82022,239.40038,43.321957,46.89994,73.98525,final
101861,2026-06-21T00:00:00,2,1009997,SS0607,178.0,49.792133,48.46161,90.1573,143.44925,213.34831,281.85526,102.48875,64.1009,76.117935,final
101862,2026-07-01T00:00:00,2,1009997,SS0607,178.0,50.80899,54.58071,118.39326,150.65337,247.19662,323.29907,93.669556,79.27439,76.81917,final
101863,2026-07-11T00:00:00,2,1009997,SS0607,178.0,30.27528,55.041386,130.8764,158.08371,264.82584,360.5077,58.751606,83.31697,73.822205,final
101864,2026-07-21T00:00:00,2,1009997,SS0607,178.0,33.623596,61.223034,114.70787,170.84514,274.38763,399.09082,58.3235,68.07574,69.13982,final
101865,2026-08-01T00:00:00,2,1009997,SS0607,178.0,46.702248,53.210487,110.60112,169.47491,305.04495,426.82266,88.81947,66.256584,71.79914,prelim
101866,2026-08-11T00:00:00,2,1009997,SS0607,178.0,36.960674,52.65749,117.286514,167.091,305.39886,452.87415,72.77576,71.05921,67.791306,prelim
103487,2026-01-01T00:00:00,2,1009998,SS0710,165.0,0.0,0.0,0.0,0.0,56.230305,56.624043,100.0,100.0,99.36106,final
103488,2026-01-11T00:00:00,2,1009998,SS0710,165.0,0.0,0.0,0.0,0.0,23.515152,27.930304,100.0,100.0,86.59243,final
103489,2026-01-21T00:00:00,2,1009998,SS0710,165.0,0.0,0.0,0.0,0.0,7.2,5.179192,100.0,100.0,119.85234,final
103490,2026-02-01T00:00:00,2,1009998,SS0710,165.0,0.0,0.0,0.0,0.0,0.07272727,0.1959596,100.0,100.0,97.6283,final
103491,2026-02-11T00:00:00,2,1009998,SS0710,165.0,0.0,0.0,0.0,0.0,0.0,0.037979797,100.0,100.0,99.24613,final
103492,2026-02-21T00:00:00,2,1009998,SS0710,165.0,0.0,0.007878788,0.0,0.007878788,0.0,0.045252524,99.842674,99.842674,99.10307,final
103493,2026-03-01T00:00:00,2,1009998,SS0710,165.0,1.0,1.0448484,1.0,1.0527272,1.0,1.0527272,99.25807,99.12887,99.12887,final
103494,2026-03-11T00:00:00,2,1009998,SS0710,165.0,3.4545455,1.3909091,4.4545455,2.4436364,4.4545455,2.4436364,132.29019,127.01515,127.01515,final
103495,2026-03-21T00:00:00,2,1009998,SS0710,165.0,5.3818183,2.2157576,9.836364,4.651515,9.836364,4.659394,143.87706,153.72057,153.5952,final
103496,2026-04-01T00:00:00,2,1009998,SS0710,165.0,11.121212,4.6868687,19.957577,8.293535,20.957577,9.346263,166.42336,187.7422,180.93616,final
103497,2026-04-11T00:00:00,2,1009998,SS0710,165.0,10.957576,6.9856567,27.460606,13.888283,31.915154,16.331919,133.13893,171.85579,173.05127,final
103498,2026-04-21T00:00:00,2,1009998,SS0710,165.0,7.7393937,13.235556,29.818182,24.908081,39.65455,29.567474,69.86018,116.41731,129.18083,final
103499,2026-05-01T00:00:00,2,1009998,SS0710,165.0,20.830303,27.238789,39.527275,47.46,60.48485,56.806263,80.12182,84.878525,105.9518,final
103500,2026-05-11T00:00:00,2,1009998,SS0710,165.0,52.551514,26.540606,81.12121,67.01495,113.03636,83.34687,182.468,119.58796,133.6056,final
103501,2026-05-21T00:00:00,2,1009998,SS0710,165.0,19.830303,36.986465,93.21213,90.76586,132.86667,120.325455,59.13883,102.55443,110.00692,final
103502,2026-06-01T00:00:00,2,1009998,SS0710,165.0,52.957577,42.33596,125.3394,105.86303,184.82425,161.61656,122.43879,117.567955,113.928795,final
103503,2026-06-11T00:00:00,2,1009998,SS0710,165.0,24.957575,39.32404,97.74545,118.64647,206.32729,199.5497,67.58765,83.096146,103.31342,final
103504,2026-06-21T00:00:00,2,1009998,SS0710,165.0,29.09697,41.33414,107.01212,122.99414,230.04243,238.66808,73.5893,87.51347,96.46008,final
103505,2026-07-01T00:00:00,2,1009998,SS0710,165.0,41.945454,51.266666,96.0,131.92485,260.86667,285.24786,83.43386,73.76309,91.59987,final
103506,2026-07-11T00:00:00,2,1009998,SS0710,165.0,52.890907,53.136364,123.93333,145.73717,302.8,331.3986,99.57779,85.53519,91.4986,final
103507,2026-07-21T00:00:00,2,1009998,SS0710,165.0,52.6,62.379395,147.43637,166.78242,347.6606,380.54242,85.48607,88.738045,91.47128,final
103508,2026-08-01T00:00:00,2,1009998,SS0710,165.0,61.521214,54.14586,167.01212,169.66162,388.35153,407.4495,112.46977,98.48306,95.36963,prelim
103509,2026-08-11T00:00:00,2,1009998,SS0710,165.0,31.4,60.31899,145.52121,176.84424,367.19998,441.22787,55.72653,82.7748,83.41029,prelim
105130,2026-01-01T00:00:00,2,1009999,SS0608,295.0,0.0,0.0,0.0,0.0,56.250847,57.38192,100.0,100.0,98.18686,final
105131,2026-01-11T00:00:00,2,1009999,SS0608,295.0,0.0,0.0,0.0,0.0,26.715254,27.285763,100.0,100.0,98.23294,final
105132,2026-01-21T00:00:00,2,1009999,SS0608,295.0,0.0,0.0,0.0,0.0,5.2440677,2.9120903,100.0,100.0,129.4736,final
105133,2026-02-01T00:00:00,2,1009999,SS0608,295.0,0.0,0.0,0.0,0.0,0.0,0.005988701,100.0,100.0,99.88037,final
105134,2026-02-11T00:00:00,2,1009999,SS0608,295.0,0.0,0.0,0.0,0.0,0.0,0.003841808,100.0,100.0,99.923225,final
105135,2026-02-21T00:00:00,2,1009999,SS0608,295.0,0.013559322,0.013559322,0.013559322,0.013559322,0.013559322,0.017401129,100.0,100.0,99.92343,final
105136,2026-03-01T00:00:00,2,1009999,SS0608,295.0,0.9898305,1.1029378,1.0033898,1.1164972,1.0033898,1.1164972,98.146675,98.15079,98.15079,final
105137,2026-03-11T00:00:00,2,1009999,SS0608,295.0,3.2813559,1.3743503,4.2847457,2.4908476,4.2847457,2.4908476,129.91685,123.94787,123.94787,final
105138,2026-03-21T00:00:00,2,1009999,SS0608,295.0,5.0,2.219548,9.271187,4.696836,9.284746,4.7103953,138.51283,147.17363,147.10777,final
105139,2026-04-01T00:00:00,2,1009999,SS0608,295.0,13.457627,3.920565,21.738983,7.5144634,22.742374,8.63096,206.91096,213.66466,203.52473,final
105140,2026-04-11T00:00:00,2,1009999,SS0608,295.0,6.281356,5.1515255,24.738983,11.291638,29.023731,13.782486,111.12967,182.54141,181.14606,final
105141,2026-04-21T00:00:00,2,1009999,SS0608,295.0,3.8440678,9.644972,23.583052,18.717062,32.867798,23.427458,60.389786,120.51684,133.20853,final
105142,2026-05-01T00:00:00,2,1009999,SS0608,295.0,14.169492,23.655819,24.294914,38.452316,47.03729,47.08328,66.89563,67.41853,99.911705,final
105143,2026-05-11T00:00:00,2,1009999,SS0608,295.0,40.63051,23.55774,58.644066,56.858532,87.6678,70.641014,159.78334,102.886475,122.509995,final
105144,2026-05-21T00:00:00,2,1009999,SS0608,295.0,26.711864,36.115932,81.51186,83.32949,114.366104,106.74339,77.12792,97.94222,106.82162,final
105145,2026-06-01T00:00:00,2,1009999,SS0608,295.0,55.518642,44.72678,122.86102,104.40045,168.89493,150.36723,121.70232,116.87431,111.9251,final
105146,2026-06-11T00:00:00,2,1009999,SS0608,295.0,29.644068,42.84463,111.87457,123.68735,195.25764,191.83751,72.409515,90.820564,101.73755,final
105147,2026-06-21T00:00:00,2,1009999,SS0608,295.0,34.99322,45.54,120.15593,133.11142,225.25087,235.15797,79.13182,90.61954,95.874756,final
105148,2026-07-01T00:00:00,2,1009999,SS0608,295.0,41.74576,49.457287,106.38306,137.84192,253.53899,280.6947,85.83931,77.97645,90.49485,final
105149,2026-07-11T00:00:00,2,1009999,SS0608,295.0,39.108475,49.887794,115.84746,144.88509,286.3661,325.43097,80.36117,80.62674,88.1776,final
105150,2026-07-21T00:00:00,2,1009999,SS0608,295.0,46.97966,59.388363,127.83389,158.73344,329.5017,375.17435,80.72834,81.128136,87.9864,final
105151,2026-08-01T00:00:00,2,1009999,SS0608,295.0,63.74576,57.82915,149.8339,167.10532,379.07797,409.3477,109.41698,89.96462,92.69461,prelim
105152,2026-08-11T00:00:00,2,1009999,SS0608,295.0,30.908474,65.16452,141.6339,182.38203,369.35593,450.95447,51.177536,78.253975,82.1038,prelim
106773,2026-01-01T00:00:00,2,1010000,SS0308,1076.0,2.032528,2.4137857,15.974907,12.562701,173.1701,168.73827,94.857445,119.428696,102.55087,final
106774,2026-01-11T00:00:00,2,1010000,SS0308,1076.0,1.6189591,2.266202,11.723049,9.645013,116.74907,131.15604,91.092415,114.18938,89.41878,final
106775,2026-01-21T00:00:00,2,1010000,SS0308,1076.0,2.091078,3.1534078,5.742565,7.8333955,62.013943,93.646065,86.970726,83.7079,67.93372,final
106776,2026-02-01T00:00:00,2,1010000,SS0308,1076.0,6.160781,3.6943927,9.870818,9.114002,49.455395,69.26177,128.36757,105.36217,73.32897,final
106777,2026-02-11T00:00:00,2,1010000,SS0308,1076.0,5.451673,4.7057,13.703531,11.553501,41.963753,52.32113,107.685936,112.98837,81.93096,final
106778,2026-02-21T00:00:00,2,1010000,SS0308,1076.0,8.247211,5.317379,19.859665,13.717472,44.286243,41.737267,128.39706,132.81529,105.453835,final
106779,2026-03-01T00:00:00,2,1010000,SS0308,1076.0,8.680298,11.354182,22.379183,21.377262,48.224907,43.053967,83.65014,103.79842,110.76069,final
106780,2026-03-11T00:00:00,2,1010000,SS0308,1076.0,20.0,12.564901,36.92751,29.236462,62.354088,50.434975,142.3293,122.46449,121.501076,final
106781,2026-03-21T00:00:00,2,1010000,SS0308,1076.0,41.552044,18.151796,70.232346,42.07088,95.83457,63.621746,201.07315,159.82777,146.94258,final
106782,2026-04-01T00:00:00,2,1010000,SS0308,1076.0,41.948883,22.487082,103.50093,53.20378,135.75093,83.695045,170.80345,186.4156,158.69086,final
106783,2026-04-11T00:00:00,2,1010000,SS0308,1076.0,11.114312,27.81106,94.61524,68.449936,145.24629,109.2399,49.11244,135.62332,131.51823,final
106784,2026-04-21T00:00:00,2,1010000,SS0308,1076.0,52.95725,32.346127,106.02045,82.644264,196.11246,138.43262,155.18945,126.67166,140.2139,final
106785,2026-05-01T00:00:00,2,1010000,SS0308,1076.0,68.81041,37.863415,132.88197,98.0206,258.7621,172.60164,172.1991,133.83923,148.51332,final
106786,2026-05-11T00:00:00,2,1010000,SS0308,1076.0,66.89405,38.291603,188.66171,108.501144,320.20447,206.18755,166.06927,170.62534,153.98846,final
106787,2026-05-21T00:00:00,2,1010000,SS0308,1076.0,23.407063,39.746624,159.11153,115.90164,335.36432,240.61679,63.484257,135.7397,138.57535,final
106788,2026-06-01T00:00:00,2,1010000,SS0308,1076.0,32.404274,40.24201,122.70539,118.280235,359.0883,269.5046,82.67598,103.58951,132.63467,final
106789,2026-06-11T00:00:00,2,1010000,SS0308,1076.0,15.876394,39.041885,71.68773,119.03052,354.9647,295.9816,47.40123,61.829727,119.59691,final
106790,2026-06-21T00:00:00,2,1010000,SS0308,1076.0,25.593866,38.78222,73.874535,118.06611,339.00653,316.61203,69.87738,64.091194,106.9632,final
106791,2026-07-01T00:00:00,2,1010000,SS0308,1076.0,39.772305,50.96196,81.24257,128.78606,336.82996,345.08688,80.00489,64.46305,97.641464,final
106792,2026-07-11T00:00:00,2,1010000,SS0308,1076.0,50.22305,50.239777,115.58922,139.98395,375.9387,367.515625,99.96972,83.17419,102.26112,final
106793,2026-07-21T00:00:00,2,1010000,SS0308,1076.0,63.061337,63.94055,153.05669,165.14229,386.04276,399.11005,98.72468,92.89677,96.7664,final
106794,2026-08-01T00:00:00,2,1010000,SS0308,1076.0,33.980484,41.296284,147.26486,155.47661,351.21283,402.5429,84.19787,94.8829,87.40499,prelim
106795,2026-08-11T00:00:00,2,1010000,SS0308,1076.0,25.8671,45.861958,122.90892,151.09879,310.18588,410.11325,60.68799,81.94101,75.92769,prelim
108416,2026-01-01T00:00:00,2,1010001,SS0309,271.0,1.5166051,1.7312423,7.494465,7.4337025,178.21033,155.95227,96.81133,100.488686,113.82898,final
108417,2026-01-11T00:00:00,2,1010001,SS0309,271.0,1.5239853,1.804182,6.062731,6.3522754,99.372696,115.202705,95.881996,97.449455,86.830574,final
108418,2026-01-21T00:00:00,2,1010001,SS0309,271.0,1.7232473,2.7629766,4.763838,6.298401,61.258305,75.137146,86.60657,86.41787,82.68113,final
108419,2026-02-01T00:00:00,2,1010001,SS0309,271.0,5.4612546,3.4649446,8.708487,8.032104,41.88561,52.322018,123.58326,105.19013,81.793365,final
108420,2026-02-11T00:00:00,2,1010001,SS0309,271.0,4.9409595,4.63813,12.125462,10.866052,31.420664,39.6492,103.142,107.93777,81.570694,final
108421,2026-02-21T00:00:00,2,1010001,SS0309,271.0,4.118081,4.467282,14.520295,12.570356,29.75277,31.638746,96.3115,111.097885,94.8525,final
108422,2026-03-01T00:00:00,2,1010001,SS0309,271.0,5.9409595,8.3492,15.0,17.454613,31.202953,32.920418,81.95966,89.068565,95.47087,final
108423,2026-03-11T00:00:00,2,1010001,SS0309,271.0,13.00369,9.268512,23.062729,22.084993,41.250923,39.30332,126.177765,103.609886,104.39606,final
108424,2026-03-21T00:00:00,2,1010001,SS0309,271.0,34.819187,12.731857,53.763836,30.34957,73.04797,49.218327,224.56297,166.23636,143.95128,final
108425,2026-04-01T00:00:00,2,1010001,SS0309,271.0,45.28044,16.21144,93.10332,38.211807,116.811806,63.698524,237.04398,227.02896,177.31357,final
108426,2026-04-11T00:00:00,2,1010001,SS0309,271.0,10.900369,21.614637,90.99999,50.557934,126.18819,83.50898,59.742947,172.79259,148.2202,final
108427,2026-04-21T00:00:00,2,1010001,SS0309,271.0,30.313654,26.49348,86.49446,64.31956,154.7786,107.23949,112.130035,131.9894,142.35506,final
108428,2026-05-01T00:00:00,2,1010001,SS0309,271.0,59.70849,42.245388,100.922516,90.35351,209.02582,146.01993,136.96254,111.08403,141.72025,final
108429,2026-05-11T00:00:00,2,1010001,SS0309,271.0,76.457565,45.650677,166.4797,114.38954,280.54242,187.03247,160.82227,143.63042,148.69485,final
108430,2026-05-21T00:00:00,2,1010001,SS0309,271.0,29.904058,46.496185,166.0701,134.39224,306.32843,229.06137,67.77989,122.7257,133.01144,final
108431,2026-06-01T00:00:00,2,1010001,SS0309,271.0,35.82657,40.819927,142.1882,132.9668,336.21402,261.5321,89.10221,106.68379,128.01985,final
108432,2026-06-11T00:00:00,2,1010001,SS0309,271.0,24.549816,38.19754,90.28044,125.51365,347.7601,290.46112,68.40625,73.0042,119.393074,final
108433,2026-06-21T00:00:00,2,1010001,SS0309,271.0,27.014761,41.69016,87.39114,120.70763,339.9557,319.41943,68.56854,73.49685,106.330154,final
108434,2026-07-01T00:00:00,2,1010001,SS0309,271.0,43.30258,56.443665,94.86716,136.33136,337.97787,359.65167,78.61279,70.66171,94.056305,final
108435,2026-07-11T00:00:00,2,1010001,SS0309,271.0,79.28044,58.998276,149.59778,157.13211,406.3579,397.0353,131.69174,95.35297,102.31885,final
108436,2026-07-21T00:00:00,2,1010001,SS0309,271.0,74.715866,72.215866,197.29889,187.6578,450.76013,442.7577,103.23768,105.00425,101.787224,final
108437,2026-08-01T00:00:00,2,1010001,SS0309,271.0,46.088562,49.1139,200.08487,180.32805,437.14026,449.6262,94.40932,110.66046,97.253586,prelim
108438,2026-08-11T00:00:00,2,1010001,SS0309,271.0,21.512915,53.806026,142.31734,175.13579,382.19556,457.78156,45.08537,81.781265,83.66702,prelim
110059,2026-01-01T00:00:00,2,1010002,SS0902,2036.0,0.14931238,0.15381467,0.14931238,0.15381467,69.139984,82.08568,99.91264,99.91264,85.13453,final
110060,2026-01-11T00:00:00,2,1010002,SS0902,2036.0,0.19842829,0.18544532,0.34774065,0.33925998,41.52112,51.75915,100.250374,100.15884,81.962326,final
110061,2026-01-21T00:00:00,2,1010002,SS0902,2036.0,0.185167,0.1902423,0.53290766,0.5295023,19.137526,23.106777,99.902214,100.061584,85.87795,final
110062,2026-02-01T00:00:00,2,1010002,SS0902,2036.0,0.19695482,0.21425998,0.5805501,0.5899476,9.251965,12.283513,99.66811,99.83189,82.459885,final
110063,2026-02-11T00:00:00,2,1010002,SS0902,2036.0,0.34774068,0.3669941,0.72986245,0.7714964,6.115422,6.8629994,99.641266,99.278625,93.69824,final
110064,2026-02-21T00:00:00,2,1010002,SS0902,2036.0,0.6797643,0.94384414,1.2244598,1.5250982,3.1807466,3.3004258,95.55708,95.39258,98.55815,final
110065,2026-03-01T00:00:00,2,1010002,SS0902,2036.0,1.7539293,3.3276358,2.781434,4.638474,3.5112967,5.3822365,81.1026,80.733055,81.979416,final
110066,2026-03-11T00:00:00,2,1010002,SS0902,2036.0,12.595776,4.379011,15.029469,8.650491,16.107073,9.761248,187.608,146.73076,142.98976,final
110067,2026-03-21T00:00:00,2,1010002,SS0902,2036.0,18.992142,7.0139327,33.341846,14.72058,35.099213,16.77518,199.70264,194.42555,184.151,final
110068,2026-04-01T00:00:00,2,1010002,SS0902,2036.0,14.998527,8.602963,46.586445,19.995907,49.94843,25.224329,147.01596,206.37958,181.80199,final
110069,2026-04-11T00:00:00,2,1010002,SS0902,2036.0,15.390963,10.465291,49.38163,26.082188,65.14096,35.504173,131.84985,174.96075,173.16971,final
110070,2026-04-21T00:00:00,2,1010002,SS0902,2036.0,8.555992,15.253929,38.94548,34.322186,73.51179,50.567863,66.93018,111.75747,141.28992,final
110071,2026-05-01T00:00:00,2,1010002,SS0902,2036.0,27.226425,33.822643,51.173378,59.541862,100.54126,84.17625,83.00935,87.03402,118.35132,final
110072,2026-05-11T00:00:00,2,1010002,SS0902,2036.0,40.583004,34.293354,76.36542,83.36993,140.77652,118.1026,116.00691,92.07365,118.41872,final
110073,2026-05-21T00:00:00,2,1010002,SS0902,2036.0,17.156189,48.501472,84.96562,116.61747,157.25294,165.66023,41.412296,73.97426,95.07367,final
110074,2026-06-01T00:00:00,2,1010002,SS0902,2036.0,66.476425,56.02181,124.21562,138.81664,221.97545,218.3544,117.13259,89.84748,101.62121,final
110075,2026-06-11T00:00:00,2,1010002,SS0902,2036.0,57.867386,58.80822,141.5,163.3315,267.24707,272.7836,98.52553,87.030655,98.00689,final
110076,2026-06-21T00:00:00,2,1010002,SS0902,2036.0,70.28193,59.273724,194.62573,174.10374,318.53683,325.0434,117.12706,111.45816,98.02858,final
110077,2026-07-01T00:00:00,2,1010002,SS0902,2036.0,77.826126,79.45385,205.97545,197.53578,381.36444,395.8943,98.07265,104.167,96.37564,final
110078,2026-07-11T00:00:00,2,1010002,SS0902,2036.0,59.575638,79.71128,207.6837,218.43884,425.54907,465.14026,76.23027,95.18654,91.57886,final
110079,2026-07-21T00:00:00,2,1010002,SS0902,2036.0,88.340866,89.73954,225.74263,248.90466,505.33398,539.62585,98.52367,90.87766,93.70359,final
110080,2026-08-01T00:00:00,2,1010002,SS0902,2036.0,56.006386,83.27156,203.92288,252.72238,534.11395,589.07477,69.11217,81.06509,90.748505,prelim
110081,2026-08-11T00:00:00,2,1010002,SS0902,2036.0,54.393417,79.1556,198.74068,252.1667,547.9243,633.9371,70.575714,79.22514,86.53815,prelim
111702,2026-01-01T00:00:00,2,1010003,SS0711,332.0,0.0,0.0,0.0,0.0,65.75904,51.248898,100.0,100.0,125.79632,final
111703,2026-01-11T00:00:00,2,1010003,SS0711,332.0,0.0,0.0,0.0,0.0,19.340363,23.990261,100.0,100.0,83.96048,final
111704,2026-01-21T00:00:00,2,1010003,SS0711,332.0,0.0,0.0,0.0,0.0,9.099398,3.5273092,100.0,100.0,165.34404,final
111705,2026-02-01T00:00:00,2,1010003,SS0711,332.0,0.0,0.0,0.0,0.0,0.34638557,0.21024096,100.0,100.0,102.61302,final
111706,2026-02-11T00:00:00,2,1010003,SS0711,332.0,0.0,0.0,0.0,0.0,0.06626506,0.050803214,100.0,100.0,100.30613,final
111707,2026-02-21T00:00:00,2,1010003,SS0711,332.0,0.0,0.0,0.0,0.0,0.063253015,0.04628514,100.0,100.0,100.33624,final
111708,2026-03-01T00:00:00,2,1010003,SS0711,332.0,0.003012048,0.023293173,0.003012048,0.023293173,0.003012048,0.023293173,99.59626,99.59626,99.59626,final
111709,2026-03-11T00:00:00,2,1010003,SS0711,332.0,0.22891566,0.17610441,0.23192771,0.1993976,0.23192771,0.1993976,101.02029,100.625656,100.625656,final
111710,2026-03-21T00:00:00,2,1010003,SS0711,332.0,1.6475904,0.8192771,1.8795182,1.0186747,1.8795182,1.0186747,114.233955,114.30287,114.30287,final
111711,2026-04-01T00:00:00,2,1010003,SS0711,332.0,6.2740965,1.5740964,8.150602,2.5694778,8.153615,2.592771,171.4927,173.73196,173.23866,final
111712,2026-04-11T00:00:00,2,1010003,SS0711,332.0,4.1445785,2.048293,12.066265,4.4416666,12.298193,4.641064,129.74174,180.75479,179.42203,final
111713,2026-04-21T00:00:00,2,1010003,SS0711,332.0,2.4457831,4.3399596,12.864458,7.9623494,14.743977,8.981024,79.71964,137.81807,141.21982,final
111714,2026-05-01T00:00:00,2,1010003,SS0711,332.0,22.816265,13.915763,29.406628,20.304016,37.56024,22.896788,147.05334,135.97299,152.56323,final
111715,2026-05-11T00:00:00,2,1010003,SS0711,332.0,29.256023,14.538353,54.518074,32.794075,66.81627,37.435143,175.32707,157.4799,169.23772,final
111716,2026-05-21T00:00:00,2,1010003,SS0711,332.0,5.6506023,23.569477,57.722893,52.023594,72.46687,61.00462,37.279655,109.99464,117.36582,final
111717,2026-06-01T00:00:00,2,1010003,SS0711,332.0,29.373493,22.157429,64.28012,60.265263,101.83734,83.138756,126.571236,106.1516,121.214935,final
111718,2026-06-11T00:00:00,2,1010003,SS0711,332.0,22.141565,22.98755,57.165657,68.714455,123.74999,105.9502,96.97728,84.33306,116.04305,final
111719,2026-06-21T00:00:00,2,1010003,SS0711,332.0,18.081326,30.589256,69.59639,75.73424,140.18373,135.72018,64.85476,92.39746,103.171936,final
111720,2026-07-01T00:00:00,2,1010003,SS0711,332.0,24.13253,44.072388,64.35542,97.64919,158.04218,178.21848,59.36644,67.56548,88.98785,final
111721,2026-07-11T00:00:00,2,1010003,SS0711,332.0,41.144577,43.23484,83.35843,117.896484,195.04216,219.40503,95.66649,71.89663,89.14335,final
111722,2026-07-21T00:00:00,2,1010003,SS0711,332.0,65.599396,55.260544,130.8765,142.56778,258.1958,270.32562,117.15692,92.07735,95.59437,final
111723,2026-08-01T00:00:00,2,1010003,SS0711,332.0,54.021084,41.718777,160.76506,140.21416,289.40057,298.1286,126.33269,114.15213,97.12068,prelim
111724,2026-08-11T00:00:00,2,1010003,SS0711,332.0,46.840363,49.023293,166.46085,146.00261,306.98492,332.61356,95.95928,113.54826,92.40888,prelim
113345,2026-01-01T00:00:00,2,1010004,SS0609,120.0,0.0,0.0,0.0,0.0,40.74167,64.92528,100.0,100.0,65.41507,final
113346,2026-01-11T00:00:00,2,1010004,SS0609,120.0,0.0,0.0,0.0,0.0,19.166668,31.332777,100.0,100.0,66.51478,final
113347,2026-01-21T00:00:00,2,1010004,SS0609,120.0,0.0,0.0,0.0,0.0,6.133333,4.796111,100.0,100.0,113.650536,final
113348,2026-02-01T00:00:00,2,1010004,SS0609,120.0,0.0,0.0,0.0,0.0,0.0,0.024166668,100.0,100.0,99.51899,final
113349,2026-02-11T00:00:00,2,1010004,SS0609,120.0,0.0,0.0,0.0,0.0,0.0,0.0,100.0,100.0,100.0,final
113350,2026-02-21T00:00:00,2,1010004,SS0609,120.0,0.13333334,0.031666666,0.13333334,0.031666666,0.13333334,0.031666666,102.02054,102.02054,102.02054,final
113351,2026-03-01T00:00:00,2,1010004,SS0609,120.0,0.90833336,0.8705555,1.0416667,0.9022222,1.0416667,0.9022222,100.64352,102.36259,102.36259,final
113352,2026-03-11T00:00:00,2,1010004,SS0609,120.0,2.775,1.153889,3.8166668,2.056111,3.8166668,2.056111,126.34288,124.95079,124.95079,final
113353,2026-03-21T00:00:00,2,1010004,SS0609,120.0,4.15,2.5605555,7.8333335,4.585,7.966667,4.616667,121.02284,133.88976,134.83536,final
113354,2026-04-01T00:00:00,2,1010004,SS0609,120.0,16.175,4.9830556,23.099998,8.6975,24.141666,9.599722,212.1094,205.14691,199.60426,final
113355,2026-04-11T00:00:00,2,1010004,SS0609,120.0,5.425,6.883611,25.75,14.427222,29.566666,16.483334,87.72586,158.28305,160.89992,final
113356,2026-04-21T00:00:00,2,1010004,SS0609,120.0,8.475,11.118055,30.074999,22.984722,38.041664,27.601389,83.6019,125.33623,132.02403,final
113357,2026-05-01T00:00:00,2,1010004,SS0609,120.0,12.383333,23.989723,26.283333,41.99139,50.424995,51.59111,59.96378,66.57248,97.9394,final
113358,2026-05-11T00:00:00,2,1010004,SS0609,120.0,41.725,24.3425,62.583332,59.45028,92.149994,75.93361,159.23999,104.86119,120.03665,final
113359,2026-05-21T00:00:00,2,1010004,SS0609,120.0,24.633333,33.755554,78.74166,82.087776,116.649994,109.6575,76.46216,96.15777,106.098595,final
113360,2026-06-01T00:00:00,2,1010004,SS0609,120.0,55.808334,47.02889,122.166664,105.126945,171.54999,155.81584,116.87417,115.47279,109.78395,final
113361,2026-06-11T00:00:00,2,1010004,SS0609,120.0,29.833334,43.50028,110.275,124.28472,198.60832,198.16222,71.8209,89.163666,100.21958,final
113362,2026-06-21T00:00:00,2,1010004,SS0609,120.0,33.416668,45.91861,119.058334,136.44778,227.875,241.52028,75.447205,87.7061,94.46484,final
113363,2026-07-01T00:00:00,2,1010004,SS0609,120.0,49.483334,50.927776,112.73334,140.34666,261.18332,287.465,97.417305,81.00175,91.01373,final
113364,2026-07-11T00:00:00,2,1010004,SS0609,120.0,39.133335,49.566944,122.03334,146.41333,294.89166,330.14835,80.87925,83.898384,89.48028,final
113365,2026-07-21T00:00:00,2,1010004,SS0609,120.0,46.05,62.356667,134.66667,162.8514,332.46664,381.38693,75.790565,83.20853,87.33904,final
113366,2026-08-01T00:00:00,2,1010004,SS0609,120.0,58.616665,60.57111,143.8,172.49472,378.7,417.96832,97.019356,83.83348,90.71602,prelim
113367,2026-08-11T00:00:00,2,1010004,SS0609,120.0,38.25,64.82,142.91666,187.74779,375.225,458.44583,61.945004,76.74104,82.04303,prelim
114988,2026-01-01T00:00:00,2,1010005,SS0403,125.0,0.0,0.0,0.0,0.0,62.832,71.4544,100.0,100.0,88.72217,final
114989,2026-01-11T00:00:00,2,1010005,SS0403,125.0,0.0,0.00026666667,0.0,0.00026666667,33.968,40.48,99.994675,99.994675,85.68162,final
114990,2026-01-21T00:00:00,2,1010005,SS0403,125.0,0.0,0.07413334,0.0,0.0744,9.672,11.800266,98.538994,98.53381,87.33195,final
114991,2026-02-01T00:00:00,2,1010005,SS0403,125.0,0.0,0.0016000001,0.0,0.076,2.696,3.7898667,99.96802,98.502754,87.555374,final
114992,2026-02-11T00:00:00,2,1010005,SS0403,125.0,0.512,0.47413334,0.512,0.5498667,2.144,2.2256,100.691734,99.3177,98.870674,final
114993,2026-02-21T00:00:00,2,1010005,SS0403,125.0,1.008,1.2202667,1.52,1.696,2.52,2.6794667,96.587494,97.37157,97.92346,final
114994,2026-03-01T00:00:00,2,1010005,SS0403,125.0,2.792,3.8469334,4.3120003,5.541333,4.3120003,5.6173334,88.075714,88.337975,87.70564,final
114995,2026-03-11T00:00:00,2,1010005,SS0403,125.0,8.976,5.233333,12.776,10.300533,13.288,10.850667,136.57329,116.17896,115.376854,final
114996,2026-03-21T00:00:00,2,1010005,SS0403,125.0,20.624,9.9736,32.392,19.053867,33.912003,20.824266,171.12785,155.45108,150.68,final
114997,2026-04-01T00:00:00,2,1010005,SS0403,125.0,24.264,17.510666,53.864,32.7176,58.176003,38.334934,130.0006,156.06506,145.78539,final
114998,2026-04-11T00:00:00,2,1010005,SS0403,125.0,10.944,25.071733,55.832,52.556,69.12,63.4064,53.019894,105.69185,108.35243,final
114999,2026-04-21T00:00:00,2,1010005,SS0403,125.0,31.92,28.4544,67.128,71.0368,101.04,91.78667,110.35917,94.85933,109.56055,final
115000,2026-05-01T00:00:00,2,1010005,SS0403,125.0,21.848,36.065334,64.712,89.59147,122.888,127.8504,65.378746,73.697975,96.26466,final
115001,2026-05-11T00:00:00,2,1010005,SS0403,125.0,39.944,35.7888,93.712,100.30853,162.32,163.16507,110.18711,93.73599,99.49748,final
115002,2026-05-21T00:00:00,2,1010005,SS0403,125.0,14.848,39.901333,76.64,111.75546,176.16,201.84613,44.203587,69.92393,87.58201,final
115003,2026-06-01T00:00:00,2,1010005,SS0403,125.0,23.256,50.647465,78.048004,126.3376,196.62398,248.64667,50.7768,63.232464,79.4901,final
115004,2026-06-11T00:00:00,2,1010005,SS0403,125.0,28.92,51.868,67.024,142.4168,216.568,295.28134,59.6469,48.857395,73.786804,final
115005,2026-06-21T00:00:00,2,1010005,SS0403,125.0,61.312,49.5504,113.48801,152.06587,257.256,334.85812,121.56097,75.438416,77.16632,final
115006,2026-07-01T00:00:00,2,1010005,SS0403,125.0,64.632,55.985065,154.86401,157.40347,297.624,373.33252,114.17878,98.436325,79.98889,final
115007,2026-07-11T00:00:00,2,1010005,SS0403,125.0,36.536,58.124798,162.48,163.66026,323.216,406.3856,65.79981,99.30021,79.78306,final
115008,2026-07-21T00:00:00,2,1010005,SS0403,125.0,39.888,65.102936,141.056,179.2128,331.184,443.03415,64.031555,79.28656,75.035355,final
115009,2026-08-01T00:00:00,2,1010005,SS0403,125.0,50.184,55.066666,126.607994,178.2944,359.52,462.03546,91.87125,71.80143,78.04974,prelim
115010,2026-08-11T00:00:00,2,1010005,SS0403,125.0,44.304,54.581066,134.376,174.75067,363.88,480.82773,82.75112,77.53852,75.928154,prelim
116631,2026-01-01T00:00:00,2,1010006,SS0404,117.0,0.0,0.015384615,0.0,0.015384615,71.96581,74.40114,99.69325,99.69325,96.932884,final
116632,2026-01-11T00:00:00,2,1010006,SS0404,117.0,0.0,0.031054132,0.0,0.046438746,42.91453,43.064957,99.38275,99.07977,99.68704,final
116633,2026-01-21T00:00:00,2,1010006,SS0404,117.0,0.14529915,0.3754986,0.14529915,0.42193735,14.358974,12.9,95.717606,94.8978,108.150696,final
116634,2026-02-01T00:00:00,2,1010006,SS0404,117.0,0.3931624,0.41766384,0.53846157,0.82421654,3.7948718,4.9766383,99.547745,95.09368,88.15466,final
116635,2026-02-11T00:00:00,2,1010006,SS0404,117.0,1.0085471,1.048718,1.5470086,1.8418803,3.3247864,3.7495728,99.33588,95.69019,95.14506,final
116636,2026-02-21T00:00:00,2,1010006,SS0404,117.0,1.3675214,1.6512821,2.7692308,3.1176639,3.9145298,4.397721,95.733734,95.70772,94.85843,final
116637,2026-03-01T00:00:00,2,1010006,SS0404,117.0,4.581197,5.617094,6.9572654,8.317094,7.4957266,9.156695,90.24312,89.78886,88.26726,final
116638,2026-03-11T00:00:00,2,1010006,SS0404,117.0,12.111111,7.2962966,18.05983,14.564672,19.606838,16.452991,139.15662,117.86463,114.7012,final
116639,2026-03-21T00:00:00,2,1010006,SS0404,117.0,25.324787,12.449003,42.017094,25.362392,44.931625,28.901995,173.79094,154.85306,147.28227,final
116640,2026-04-01T00:00:00,2,1010006,SS0404,117.0,20.401709,19.114244,57.83761,38.859543,65.333336,48.000854,105.33901,143.2701,132.70227,final
116641,2026-04-11T00:00:00,2,1010006,SS0404,117.0,8.743589,28.470655,54.470085,60.033905,74.07693,76.44045,41.061607,91.44474,97.09785,final
116642,2026-04-21T00:00:00,2,1010006,SS0404,117.0,34.145298,31.394587,63.290596,78.979485,108.07692,107.45954,107.55802,81.31819,100.54898,final
116643,2026-05-01T00:00:00,2,1010006,SS0404,117.0,30.598291,40.778347,73.487175,100.64359,138.28206,147.82022,77.76229,74.294304,93.75857,final
116644,2026-05-11T00:00:00,2,1010006,SS0404,117.0,39.00855,40.105698,103.75214,112.27863,176.28206,186.87721,97.567604,92.72971,94.47816,final
116645,2026-05-21T00:00:00,2,1010006,SS0404,117.0,12.205129,42.88319,81.81197,123.767235,187.11966,228.10912,35.931458,67.41775,82.41619,final
116646,2026-06-01T00:00:00,2,1010006,SS0404,117.0,27.88889,52.617664,79.10257,135.60655,210.42735,275.10968,57.081257,59.814117,76.90821,final
116647,2026-06-11T00:00:00,2,1010006,SS0404,117.0,25.076923,52.819656,65.170944,148.32051,223.39316,320.63306,52.018513,45.767487,70.1382,final
116648,2026-06-21T00:00:00,2,1010006,SS0404,117.0,53.957264,51.765244,106.92308,157.20256,252.02562,359.94928,103.86156,69.002045,70.42777,final
116649,2026-07-01T00:00:00,2,1010006,SS0404,117.0,50.854702,50.67094,129.88889,155.25584,282.47864,391.50598,100.33009,84.17096,72.502975,final
116650,2026-07-11T00:00:00,2,1010006,SS0404,117.0,36.57265,55.10171,141.38461,157.53789,310.3077,418.13702,69.170494,90.061844,74.51669,final
116651,2026-07-21T00:00:00,2,1010006,SS0404,117.0,36.273506,59.10627,123.70086,164.87892,312.4359,445.84872,64.38295,75.76035,70.408516,final
116652,2026-08-01T00:00:00,2,1010006,SS0404,117.0,35.641026,52.2906,108.48718,166.49858,317.47864,457.36096,70.938385,66.173836,69.74608,prelim
116653,2026-08-11T00:00:00,2,1010006,SS0404,117.0,38.478634,51.61852,110.39317,163.01538,316.94873,468.87378,76.792244,68.68012,67.939766,prelim
118274,2026-01-01T00:00:00,2,1010007,SS0405,130.0,0.06153846,0.044871796,0.06153846,0.044871796,51.95385,66.5482,100.330376,100.330376,79.602066,final
118275,2026-01-11T00:00:00,2,1010007,SS0405,130.0,0.08461539,0.085384615,0.14615385,0.13025641,21.992308,35.90282,99.98486,100.309875,65.99131,final
118276,2026-01-21T00:00:00,2,1010007,SS0405,130.0,0.1,0.11717949,0.24615386,0.24743591,6.4230766,8.53718,99.664276,99.97556,84.38299,final
118277,2026-02-01T00:00:00,2,1010007,SS0405,130.0,0.0,0.0,0.18461539,0.2025641,1.7153846,2.2338462,100.0,99.655,92.83283,final
118278,2026-02-11T00:00:00,2,1010007,SS0405,130.0,0.0,0.0012820513,0.1,0.11846154,1.2538462,1.1953846,99.974365,99.63931,100.943634,final
118279,2026-02-21T00:00:00,2,1010007,SS0405,130.0,1.0,1.0153846,1.0,1.0166667,2.0692308,2.0502565,99.74424,99.72299,100.26913,final
118280,2026-03-01T00:00:00,2,1010007,SS0405,130.0,3.523077,2.2064102,4.523077,3.2230768,4.769231,3.4705129,118.27077,115.809166,115.33224,final
118281,2026-03-11T00:00:00,2,1010007,SS0405,130.0,6.3153844,3.2982051,10.838461,6.52,11.084616,6.768718,136.3594,137.48663,136.67262,final
118282,2026-03-21T00:00:00,2,1010007,SS0405,130.0,21.976923,7.5738463,31.815384,13.078462,33.06154,14.342565,214.5479,203.64224,196.77608,final
118283,2026-04-01T00:00:00,2,1010007,SS0405,130.0,22.707693,15.894359,51.0,26.76641,55.707695,30.19205,132.60849,176.28683,172.504,final
118284,2026-04-11T00:00:00,2,1010007,SS0405,130.0,19.876923,21.487436,64.56154,44.955643,75.5,51.5941,93.91971,139.24661,142.24098,final
118285,2026-04-21T00:00:00,2,1010007,SS0405,130.0,25.246155,25.385641,67.83077,62.767437,100.64616,76.862564,99.54095,107.471634,129.05309,final
118286,2026-05-01T00:00:00,2,1010007,SS0405,130.0,17.438461,31.297949,62.56154,78.17103,118.08462,108.160515,61.817432,81.232056,108.76993,final
118287,2026-05-11T00:00:00,2,1010007,SS0405,130.0,39.861538,31.101027,82.54616,87.784615,157.94615,139.26025,124.26665,94.35418,112.95291,final
118288,2026-05-21T00:00:00,2,1010007,SS0405,130.0,16.876923,38.315384,74.176926,100.714355,173.82307,176.56026,50.506126,74.89704,98.49242,final
118289,2026-06-01T00:00:00,2,1010007,SS0405,130.0,20.076923,48.944614,76.815384,118.36102,190.37692,223.29846,46.486427,66.32191,85.579605,final
118290,2026-06-11T00:00:00,2,1010007,SS0405,130.0,27.753845,48.92692,64.70769,136.18692,211.81538,268.9272,60.737465,49.372627,79.150734,final
118291,2026-06-21T00:00:00,2,1010007,SS0405,130.0,61.523075,46.864872,109.35384,144.7364,251.36153,308.2182,128.2623,76.3701,81.84758,final
118292,2026-07-01T00:00:00,2,1010007,SS0405,130.0,61.76923,59.88949,151.04614,155.68127,290.42307,352.21335,102.896835,97.115326,82.70213,final
118293,2026-07-11T00:00:00,2,1010007,SS0405,130.0,33.73846,58.00795,157.03076,164.76231,304.2846,388.73386,61.481865,95.44566,78.55169,final
118294,2026-07-21T00:00:00,2,1010007,SS0405,130.0,39.446156,67.731285,134.95384,185.62872,318.48462,431.0795,61.110092,73.41697,74.18019,final
118295,2026-08-01T00:00:00,2,1010007,SS0405,130.0,51.861538,55.62846,125.04616,181.36769,352.90768,455.41,93.78688,69.77935,77.73673,prelim
118296,2026-08-11T00:00:00,2,1010007,SS0405,130.0,39.96923,55.088974,131.27692,178.44872,353.01538,479.39795,74.83774,74.28611,73.90935,prelim
119917,2026-01-01T00:00:00,2,1010008,SS1007,405.0,1.1506172,0.79687244,2.2419753,1.390288,177.93086,175.60799,106.10233,113.327835,101.28614,final
119918,2026-01-11T00:00:00,2,1010008,SS1007,405.0,0.7111111,0.9778601,2.7432098,2.0937448,85.51853,111.637856,95.53772,109.155464,77.606476,final
119919,2026-01-21T00:00:00,2,1010008,SS1007,405.0,1.9506173,2.0527573,3.8123457,3.8274896,41.106174,47.504364,98.55177,99.82844,87.81399,final
119920,2026-02-01T00:00:00,2,1010008,SS1007,405.0,3.9037037,2.9976132,6.565432,6.0282307,18.032099,27.661564,111.32952,104.87114,70.51744,final
119921,2026-02-11T00:00:00,2,1010008,SS1007,405.0,4.88642,3.846255,10.740741,8.8966255,19.525927,20.361317,111.75825,113.27023,96.70605,final
119922,2026-02-21T00:00:00,2,1010008,SS1007,405.0,3.4148147,5.4907,12.204938,12.334568,20.148148,19.268806,80.21214,99.25218,103.623344,final
119923,2026-03-01T00:00:00,2,1010008,SS1007,405.0,3.2814815,12.614404,11.582716,21.951359,20.390121,29.369877,47.0154,61.528313,73.87318,final
119924,2026-03-11T00:00:00,2,1010008,SS1007,405.0,34.496296,15.656296,41.192593,33.7614,54.67654,44.75177,191.20706,119.17163,119.94858,final
119925,2026-03-21T00:00:00,2,1010008,SS1007,405.0,42.066666,18.791935,79.844444,47.062634,95.861725,63.224693,197.82614,162.9661,147.83757,final
119926,2026-04-01T00:00:00,2,1010008,SS1007,405.0,24.158024,30.715721,100.72098,65.16395,118.869125,93.14354,81.63918,150.67706,126.212204,final
119927,2026-04-11T00:00:00,2,1010008,SS1007,405.0,22.17037,35.154488,88.39506,84.66214,140.32838,127.32017,67.6646,104.163315,109.83087,final
119928,2026-04-21T00:00:00,2,1010008,SS1007,405.0,33.098766,37.59103,79.427155,103.461235,171.47653,162.85843,89.45256,77.84086,105.134155,final
119929,2026-05-01T00:00:00,2,1010008,SS1007,405.0,43.817284,57.351604,99.08642,130.09712,211.3901,217.21243,78.29355,77.045616,97.37984,final
119930,2026-05-11T00:00:00,2,1010008,SS1007,405.0,71.37284,55.876213,148.28888,150.81885,277.87653,269.2424,125.45596,98.37634,103.14835,final
119931,2026-05-21T00:00:00,2,1010008,SS1007,405.0,42.37037,67.50428,157.56049,180.7321,316.8321,331.25598,65.33458,87.52418,95.71044,final
119932,2026-06-01T00:00:00,2,1010008,SS1007,405.0,57.074074,67.16996,170.81729,190.55045,370.62466,385.81152,86.010956,89.90892,96.11402,final
119933,2026-06-11T00:00:00,2,1010008,SS1007,405.0,59.22963,77.41325,158.67407,212.0875,395.35797,447.56848,77.93604,75.39544,88.46351,final
119934,2026-06-21T00:00:00,2,1010008,SS1007,405.0,68.358025,67.09671,184.66173,211.67992,421.64935,495.87326,101.74948,87.53083,85.1811,final
119935,2026-07-01T00:00:00,2,1010008,SS1007,405.0,64.908646,60.403046,192.4963,204.91301,462.39996,525.56055,106.88898,94.08484,88.0955,final
119936,2026-07-11T00:00:00,2,1010008,SS1007,405.0,44.898766,54.978188,178.16544,182.47794,485.1284,545.3843,83.194855,97.69973,89.05203,final
119937,2026-07-21T00:00:00,2,1010008,SS1007,405.0,57.281483,64.37992,167.0889,179.76115,509.31113,572.17316,89.768745,93.14127,89.10864,final
119938,2026-08-01T00:00:00,2,1010008,SS1007,405.0,67.40741,69.78354,169.58766,189.14165,532.90125,584.6051,96.822655,89.92798,91.23076,prelim
119939,2026-08-11T00:00:00,2,1010008,SS1007,405.0,50.940742,70.05984,175.62964,204.2233,512.4692,598.7887,74.52819,86.33343,85.70369,prelim
121560,2026-01-01T00:00:00,2,1010009,SS0105,349.0,1.0057306,1.0756447,3.7507162,3.044126,89.8768,119.3723,98.84928,108.78393,76.28451,final
121561,2026-01-11T00:00:00,2,1010009,SS0105,349.0,0.6131805,0.7988539,3.4670486,2.7936008,70.02006,83.02111,96.7981,108.64103,85.229614,final
121562,2026-01-21T00:00:00,2,1010009,SS0105,349.0,0.9799427,1.4096466,2.5988538,3.284145,30.942694,44.81146,93.29598,91.72768,72.157486,final
121563,2026-02-01T00:00:00,2,1010009,SS0105,349.0,1.6217765,1.2969437,3.2148995,3.505444,18.759312,27.314518,105.15858,96.584015,73.52519,final
121564,2026-02-11T00:00:00,2,1010009,SS0105,349.0,3.7163324,2.053677,6.3180513,4.7602673,17.114613,19.245558,123.571465,115.960464,91.21098,final
121565,2026-02-21T00:00:00,2,1010009,SS0105,349.0,5.094556,3.0581663,10.432665,6.408787,19.160458,15.597803,125.27113,135.26999,117.29628,final
121566,2026-03-01T00:00:00,2,1010009,SS0105,349.0,5.498567,8.3655205,14.309456,13.477364,21.275072,20.026934,78.54964,104.50331,104.98718,final
121567,2026-03-11T00:00:00,2,1010009,SS0105,349.0,16.805157,11.138682,27.39828,22.562368,37.18338,30.116238,135.11113,117.545334,120.12499,final
121568,2026-03-21T00:00:00,2,1010009,SS0105,349.0,53.23496,15.650525,75.53868,35.154728,88.570206,44.84766,282.00232,200.57085,187.71234,final
121569,2026-04-01T00:00:00,2,1010009,SS0105,349.0,27.73066,27.58061,97.770775,54.36982,115.29513,71.35263,100.46054,173.10272,157.55203,final
121570,2026-04-11T00:00:00,2,1010009,SS0105,349.0,19.553009,35.799427,100.51863,79.03056,134.23495,106.3532,60.179787,125.57173,125.03902,final
121571,2026-04-21T00:00:00,2,1010009,SS0105,349.0,52.653294,38.757786,99.936966,102.13782,185.9083,143.70134,131.75551,97.94577,128.38371,final
121572,2026-05-01T00:00:00,2,1010009,SS0105,349.0,42.636105,41.495987,114.84241,116.0532,226.92264,183.90039,102.45207,98.99979,122.7751,final
121573,2026-05-11T00:00:00,2,1010009,SS0105,349.0,36.948425,40.35683,132.23782,120.6106,260.15472,222.20354,92.48536,109.25655,116.703606,final
121574,2026-05-21T00:00:00,2,1010009,SS0105,349.0,23.169054,41.422443,102.753586,123.27526,278.22925,260.5678,60.679817,84.00184,106.65045,final
121575,2026-06-01T00:00:00,2,1010009,SS0105,349.0,29.922636,44.22617,90.040115,126.00545,302.65332,296.42847,70.94324,72.54669,102.065125,final
121576,2026-06-11T00:00:00,2,1010009,SS0105,349.0,10.412607,41.561317,63.504295,127.20993,296.26074,326.8511,33.10174,51.81479,90.781906,final
121577,2026-06-21T00:00:00,2,1010009,SS0105,349.0,24.590258,43.5553,64.9255,129.34279,267.61606,354.75586,60.94135,52.05006,75.778076,final
121578,2026-07-01T00:00:00,2,1010009,SS0105,349.0,40.89971,42.927986,75.90257,128.0446,280.7851,370.10324,95.768074,60.80861,76.188385,final
121579,2026-07-11T00:00:00,2,1010009,SS0105,349.0,29.928368,46.46657,95.418335,132.94986,291.16046,380.7704,67.86612,72.79336,76.77118,final
121580,2026-07-21T00:00:00,2,1010009,SS0105,349.0,42.885387,51.609837,113.71347,141.0044,281.39255,393.62244,84.588455,81.30815,71.845566,final
121581,2026-08-01T00:00:00,2,1010009,SS0105,349.0,22.11748,46.828846,94.93123,144.90526,260.87393,398.9553,52.32121,66.662926,65.81766,prelim
121582,2026-08-11T00:00:00,2,1010009,SS0105,349.0,37.00573,47.313084,102.0086,145.75177,260.93124,405.91156,80.2968,70.98331,64.71739,prelim
123203,2026-01-01T00:00:00,2,1010010,SS0803,148.0,0.16216215,0.14752252,0.16216215,0.14752252,35.21622,60.199547,100.28441,100.28441,61.681747,final
123204,2026-01-11T00:00:00,2,1010010,SS0803,148.0,0.4054054,0.3759009,0.5675676,0.52342343,13.5,31.881983,100.54884,100.799225,50.159996,final
123205,2026-01-21T00:00:00,2,1010010,SS0803,148.0,0.39864865,0.42252252,0.9662162,0.9459459,6.6148653,7.508108,99.55973,100.34091,92.85869,final
123206,2026-02-01T00:00:00,2,1010010,SS0803,148.0,0.0,0.0006756757,0.804054,0.7990991,1.3513514,1.6601351,99.98649,100.08545,95.3637,final
123207,2026-02-11T00:00:00,2,1010010,SS0803,148.0,0.006756757,0.011711712,0.4054054,0.4349099,1.141892,1.0655406,99.90113,99.45713,101.25878,final
123208,2026-02-21T00:00:00,2,1010010,SS0803,148.0,1.1216216,0.884009,1.1283784,0.8963964,2.2027025,1.8948199,104.03828,103.9343,104.46542,final
123209,2026-03-01T00:00:00,2,1010010,SS0803,148.0,5.3378377,2.6511261,6.466216,3.5468469,7.432432,4.4934688,135.11523,134.15727,130.95773,final
123210,2026-03-11T00:00:00,2,1010010,SS0803,148.0,8.02027,3.7513514,14.47973,7.2864866,15.4527025,8.24482,148.7801,158.54596,154.4204,final
123211,2026-03-21T00:00:00,2,1010010,SS0803,148.0,24.371622,7.304054,37.72973,13.706532,39.824326,15.548874,238.71498,228.42145,218.1352,final
123212,2026-04-01T00:00:00,2,1010010,SS0803,148.0,22.175676,14.093694,54.567566,25.1491,61.837837,29.495045,142.32802,197.5766,193.7607,final
123213,2026-04-11T00:00:00,2,1010010,SS0803,148.0,15.945946,18.188288,62.493244,39.586037,77.37838,47.307434,90.32985,151.37752,157.48886,final
123214,2026-04-21T00:00:00,2,1010010,SS0803,148.0,19.445946,21.029955,57.567566,53.311935,96.425674,67.91486,93.91467,107.29804,139.1015,final
123215,2026-05-01T00:00:00,2,1010010,SS0803,148.0,8.8918915,29.78581,44.283783,69.00405,105.317566,97.7,39.93551,66.59606,107.4173,final
123216,2026-05-11T00:00:00,2,1010010,SS0803,148.0,40.256756,29.586487,68.59459,80.40225,145.56757,127.27477,130.85098,86.17406,113.829384,final
123217,2026-05-21T00:00:00,2,1010010,SS0803,148.0,18.756756,37.584007,67.9054,96.95631,163.2027,163.97478,55.787975,71.506516,99.54308,final
123218,2026-06-01T00:00:00,2,1010010,SS0803,148.0,28.52027,47.04685,87.53378,114.21734,186.38513,208.3705,64.40404,77.61772,89.69616,final
123219,2026-06-11T00:00:00,2,1010010,SS0803,148.0,27.263514,47.673424,74.540535,132.30428,205.62839,252.29257,61.251976,57.930122,81.86338,final
123220,2026-06-21T00:00:00,2,1010010,SS0803,148.0,60.81081,45.04392,116.59459,139.76419,242.06757,290.03244,131.5061,83.994934,83.74251,final
123221,2026-07-01T00:00:00,2,1010010,SS0803,148.0,64.51351,61.064415,152.58783,153.78175,284.4054,337.00314,105.22081,99.24807,84.62068,final
123222,2026-07-11T00:00:00,2,1010010,SS0803,148.0,39.0,57.417343,164.32433,163.52568,307.45944,376.2322,70.493225,100.47391,81.960396,final
123223,2026-07-21T00:00:00,2,1010010,SS0803,148.0,39.655407,68.432884,143.16891,186.91464,327.6689,423.63513,60.811188,77.205635,77.611206,final
123224,2026-08-01T00:00:00,2,1010010,SS0803,148.0,64.1554,59.291893,142.81082,185.14212,382.9324,453.14124,107.564735,77.73702,84.675285,prelim
123225,2026-08-11T00:00:00,2,1010010,SS0803,148.0,43.29054,58.098198,147.10135,185.82297,385.9662,481.65292,76.53236,79.70809,80.33778,prelim
124846,2026-01-01T00:00:00,2,1010011,SS0804,363.0,0.0,0.0051423325,0.0,0.0051423325,30.261707,62.61855,99.89726,99.89726,52.147984,final
124847,2026-01-11T00:00:00,2,1010011,SS0804,363.0,0.002754821,0.01671258,0.002754821,0.021854913,11.035813,32.77741,99.72177,99.61966,42.448154,final
124848,2026-01-21T00:00:00,2,1010011,SS0804,363.0,0.0523416,0.07777778,0.05509642,0.099632695,6.041322,7.754821,99.49906,99.12668,86.56587,final
124849,2026-02-01T00:00:00,2,1010011,SS0804,363.0,0.019283747,0.019191919,0.07438017,0.11368228,0.8622589,1.3947659,100.00184,99.23144,91.67277,final
124850,2026-02-11T00:00:00,2,1010011,SS0804,363.0,0.14325069,0.122038566,0.21487603,0.21900827,0.6033058,0.58760333,100.41413,99.92082,100.28102,final
124851,2026-02-21T00:00:00,2,1010011,SS0804,363.0,1.2589532,0.70385677,1.4214877,0.84508723,1.7134986,1.1174473,109.73195,109.86129,109.74346,final
124852,2026-03-01T00:00:00,2,1010011,SS0804,363.0,3.107438,2.3652892,4.509642,3.1911845,4.584022,3.3100092,110.07631,116.09605,115.33108,final
124853,2026-03-11T00:00:00,2,1010011,SS0804,363.0,7.77135,3.010101,12.137741,6.079247,12.355371,6.3201103,159.44055,154.68327,153.31451,final
124854,2026-03-21T00:00:00,2,1010011,SS0804,363.0,18.267218,6.3832874,29.146006,11.7586775,30.62259,12.703398,204.39806,203.75119,201.21893,final
124855,2026-04-01T00:00:00,2,1010011,SS0804,363.0,22.415977,11.168228,48.454544,20.561617,53.038567,23.866484,169.56699,209.12035,201.05867,final
124856,2026-04-11T00:00:00,2,1010011,SS0804,363.0,10.471074,14.5427,51.15427,32.094215,63.506886,38.39247,79.16549,151.38283,157.87735,final
124857,2026-04-21T00:00:00,2,1010011,SS0804,363.0,15.597796,17.284206,48.484848,42.995132,79.05234,55.5989,92.43227,111.43807,138.70274,final
124858,2026-05-01T00:00:00,2,1010011,SS0804,363.0,6.8539944,28.314692,32.922867,60.141598,85.887054,83.8944,35.581882,58.21605,102.2416,final
124859,2026-05-11T00:00:00,2,1010011,SS0804,363.0,41.214874,29.152065,63.666664,74.75096,126.95868,112.92442,135.32088,86.101364,111.901054,final
124860,2026-05-21T00:00:00,2,1010011,SS0804,363.0,25.52066,37.28255,73.58953,94.74931,151.22038,149.50313,72.18264,78.78704,101.11147,final
124861,2026-06-01T00:00:00,2,1010011,SS0804,363.0,46.035812,48.516346,112.77135,114.950966,194.14876,195.65417,95.36491,98.18291,99.24974,final
124862,2026-06-11T00:00:00,2,1010011,SS0804,363.0,31.082645,49.79348,102.639114,135.59238,217.46005,242.43756,65.85207,76.56113,89.90553,final
124863,2026-06-21T00:00:00,2,1010011,SS0804,363.0,54.55372,45.90386,131.67218,144.21368,253.74655,281.95813,116.992546,91.59493,90.16875,final
124864,2026-07-01T00:00:00,2,1010011,SS0804,363.0,61.432507,61.606796,147.06888,157.30414,292.76306,332.3967,99.738335,93.69377,88.253105,final
124865,2026-07-11T00:00:00,2,1010011,SS0804,363.0,44.146004,57.165565,160.13223,164.67621,326.438,375.01956,79.05663,97.321976,87.216034,final
124866,2026-07-21T00:00:00,2,1010011,SS0804,363.0,41.278236,68.47861,146.85675,187.25096,352.11844,426.21396,62.981915,78.988815,82.81699,final
124867,2026-08-01T00:00:00,2,1010011,SS0804,363.0,61.31405,61.659138,146.73828,187.3033,406.5785,459.5584,99.482315,78.90571,88.59564,prelim
124868,2026-08-11T00:00:00,2,1010011,SS0804,363.0,50.63912,61.30918,153.2314,191.44693,416.00278,491.7155,83.908615,80.54664,84.757324,prelim
126489,2026-01-01T00:00:00,2,1010012,SS0805,242.0,0.21487603,0.19104683,0.21487603,0.19104683,55.747932,80.56391,100.45905,100.45905,70.99715,final
126490,2026-01-11T00:00:00,2,1010012,SS0805,242.0,0.338843,0.3392562,0.55371904,0.53030306,30.561983,45.86405,99.992256,100.42341,69.91575,final
126491,2026-01-21T00:00:00,2,1010012,SS0805,242.0,0.48347107,0.61391187,1.0371901,1.1442149,12.123967,15.559642,97.676476,98.258125,83.289215,final
126492,2026-02-01T00:00:00,2,1010012,SS0805,242.0,0.30578512,0.16639118,1.1280992,1.1195593,4.487603,6.633333,102.69809,100.13956,81.55533,final
126493,2026-02-11T00:00:00,2,1010012,SS0805,242.0,0.6528926,0.703719,1.4421488,1.484022,4.0826445,4.4742427,99.10889,99.35421,95.86671,final
126494,2026-02-21T00:00:00,2,1010012,SS0805,242.0,1.5495868,1.6466942,2.5082645,2.5168045,4.5371904,4.650551,98.53901,99.88639,98.82535,final
126495,2026-03-01T00:00:00,2,1010012,SS0805,242.0,5.5082645,4.3604684,7.710744,6.7108817,9.053719,8.021487,112.26218,108.53789,107.92715,final
126496,2026-03-11T00:00:00,2,1010012,SS0805,242.0,14.206612,6.2772727,21.264463,12.284435,23.26033,14.29876,170.31255,151.95442,146.43599,final
126497,2026-03-21T00:00:00,2,1010012,SS0805,242.0,39.082645,11.822176,58.797523,22.459917,62.342976,26.120937,262.05078,232.32964,216.3912,final
126498,2026-04-01T00:00:00,2,1010012,SS0805,242.0,32.47934,22.032507,85.7686,40.131954,94.60744,47.9624,138.64545,201.11826,188.07199,final
126499,2026-04-11T00:00:00,2,1010012,SS0805,242.0,12.933885,29.903305,84.495865,63.757988,107.202484,77.52644,51.38162,130.16068,135.95944,final
126500,2026-04-21T00:00:00,2,1010012,SS0805,242.0,25.028925,30.439394,70.44215,82.375206,131.74794,107.35193,84.733185,86.34274,121.71393,final
126501,2026-05-01T00:00:00,2,1010012,SS0805,242.0,19.694216,40.3219,57.65703,100.664604,151.13637,147.50743,54.486275,59.298027,102.37952,final
126502,2026-05-11T00:00:00,2,1010012,SS0805,242.0,48.871902,38.463223,93.59505,109.22452,199.35538,185.26694,123.94825,86.31689,107.404564,final
126503,2026-05-21T00:00:00,2,1010012,SS0805,242.0,25.586777,44.512672,94.15289,123.2978,223.39256,228.13292,61.775654,77.2834,97.966675,final
126504,2026-06-01T00:00:00,2,1010012,SS0805,242.0,47.028927,53.944904,121.48761,136.92079,264.91324,277.71735,88.267044,89.125496,95.471054,final
126505,2026-06-11T00:00:00,2,1010012,SS0805,242.0,32.96694,61.833885,105.58265,160.29146,283.67355,333.27396,56.807922,66.90161,85.33721,final
126506,2026-06-21T00:00:00,2,1010012,SS0805,242.0,79.23141,52.762672,159.22726,168.54146,323.82233,374.21448,145.82326,94.63287,86.71143,final
126507,2026-07-01T00:00:00,2,1010012,SS0805,242.0,67.880165,60.477272,180.07852,175.07382,359.22314,412.65924,111.306046,102.77924,87.20582,final
126508,2026-07-11T00:00:00,2,1010012,SS0805,242.0,38.008263,56.51722,185.11984,169.75716,384.29755,439.27313,69.91256,108.79088,87.625725,final
126509,2026-07-21T00:00:00,2,1010012,SS0805,242.0,59.347107,68.92521,165.23553,185.9197,418.61572,477.75894,87.043526,89.166046,87.74892,final
126510,2026-08-01T00:00:00,2,1010012,SS0805,242.0,63.599174,64.30262,160.95454,189.74504,462.5207,501.73965,98.98496,85.21632,92.26053,prelim
126511,2026-08-11T00:00:00,2,1010012,SS0805,242.0,45.438015,60.600964,168.3843,193.8288,459.0868,523.87744,76.88608,87.202805,87.749405,prelim
128132,2026-01-01T00:00:00,2,1010013,SS0208,191.0,1.5811518,2.461431,21.879581,12.882548,243.3979,191.79301,88.20227,150.3118,126.22293,final
128133,2026-01-11T00:00:00,2,1010013,SS0208,191.0,1.0,1.8605585,16.089005,9.219546,189.27748,146.39372,87.456436,148.30997,128.32599,final
128134,2026-01-21T00:00:00,2,1010013,SS0208,191.0,2.3979058,2.926527,4.979058,7.2485166,64.387436,96.230194,93.330986,81.471565,68.54421,final
128135,2026-02-01T00:00:00,2,1010013,SS0208,191.0,9.157068,3.4973822,12.554974,8.284468,47.848167,67.69791,166.60506,132.1466,72.69558,final
128136,2026-02-11T00:00:00,2,1010013,SS0208,191.0,18.722513,4.5835953,30.277487,11.007504,60.455498,50.52164,247.53252,220.38095,117.89186,final
128137,2026-02-21T00:00:00,2,1010013,SS0208,191.0,18.109947,5.6062827,45.98953,13.68726,76.02094,39.89023,217.88922,272.85718,180.48682,final
128138,2026-03-01T00:00:00,2,1010013,SS0208,191.0,9.293194,12.427225,46.125652,22.617104,80.56021,43.78412,82.016464,185.12314,175.38538,final
128139,2026-03-11T00:00:00,2,1010013,SS0208,191.0,34.56021,16.730366,61.963352,34.763874,108.32985,54.990925,182.05037,168.40248,188.91165,final
128140,2026-03-21T00:00:00,2,1010013,SS0208,191.0,86.63874,25.160908,130.49214,54.3185,181.46072,75.25427,303.83286,228.41466,232.33745,final
128141,2026-04-01T00:00:00,2,1010013,SS0208,191.0,24.968586,34.924606,146.16754,76.81588,204.84816,107.71745,75.06295,184.76553,186.17184,final
128142,2026-04-11T00:00:00,2,1010013,SS0208,191.0,9.795812,37.619545,121.403145,97.70506,213.64397,143.47644,34.716026,123.07392,147.25835,final
128143,2026-04-21T00:00:00,2,1010013,SS0208,191.0,81.2356,45.062477,116.0,117.60663,292.48166,185.6124,172.25597,98.68961,156.06627,final
128144,2026-05-01T00:00:00,2,1010013,SS0208,191.0,68.48691,50.936127,159.51833,133.61815,351.81152,233.05113,131.37646,118.684555,149.88861,final
128145,2026-05-11T00:00:00,2,1010013,SS0208,191.0,67.94765,46.7822,217.67015,142.7808,401.03662,275.24976,140.87398,150.67596,144.88385,final
128146,2026-05-21T00:00:00,2,1010013,SS0208,191.0,21.026178,45.093018,157.46074,142.81134,403.95288,314.73648,51.9557,109.91088,127.90311,final
128147,2026-06-01T00:00:00,2,1010013,SS0208,191.0,22.329844,49.299126,111.303665,141.17435,416.9895,351.60837,50.332016,79.56503,118.33415,final
128148,2026-06-11T00:00:00,2,1010013,SS0208,191.0,10.790576,43.83089,54.1466,138.22304,393.2199,378.7089,32.33727,41.296844,103.78177,final
128149,2026-06-21T00:00:00,2,1010013,SS0208,191.0,18.251308,43.140663,51.371727,136.27068,324.83246,396.68866,48.298687,39.903347,82.111465,final
128150,2026-07-01T00:00:00,2,1010013,SS0208,191.0,47.27749,54.75532,76.319374,141.72688,347.1414,416.51938,87.485916,55.422276,83.54097,final
128151,2026-07-11T00:00:00,2,1010013,SS0208,191.0,42.01047,55.935776,107.53926,153.83176,379.35605,434.8356,77.147575,70.854385,87.3863,final
128152,2026-07-21T00:00:00,2,1010013,SS0208,191.0,57.59686,66.59738,146.88483,177.28848,355.7173,456.3705,87.42898,83.32113,78.18386,final
128153,2026-08-01T00:00:00,2,1010013,SS0208,191.0,50.246075,56.347294,149.85341,178.88045,337.47644,461.78168,90.05463,84.21418,73.36973,prelim
128154,2026-08-11T00:00:00,2,1010013,SS0208,191.0,42.293194,52.30733,150.13612,175.25201,311.822,467.3068,82.52556,86.06623,67.079704,prelim
129775,2026-01-01T00:00:00,2,1010014,SS0806,131.0,0.0,0.0,0.0,0.0,19.770992,44.28906,100.0,100.0,50.256573,final
129776,2026-01-11T00:00:00,2,1010014,SS0806,131.0,0.0,0.0,0.0,0.0,8.259542,21.417812,100.0,100.0,50.191677,final
129777,2026-01-21T00:00:00,2,1010014,SS0806,131.0,0.0,0.0,0.0,0.0,2.3053436,3.364631,100.0,100.0,87.33612,final
129778,2026-02-01T00:00:00,2,1010014,SS0806,131.0,0.0,0.0,0.0,0.0,0.0,0.023664122,100.0,100.0,99.52895,final
129779,2026-02-11T00:00:00,2,1010014,SS0806,131.0,0.06870229,0.06921119,0.06870229,0.06921119,0.06870229,0.06921119,99.98996,99.98996,99.98996,final
129780,2026-02-21T00:00:00,2,1010014,SS0806,131.0,0.29007635,0.23180662,0.35877863,0.30101782,0.35877863,0.30101782,101.11376,101.08962,101.08962,final
129781,2026-03-01T00:00:00,2,1010014,SS0806,131.0,1.1832061,1.2203562,1.5419847,1.521374,1.5419847,1.521374,99.40277,100.31605,100.31605,final
129782,2026-03-11T00:00:00,2,1010014,SS0806,131.0,4.068702,1.5338422,5.5419846,2.986005,5.610687,3.0552163,138.79587,132.00574,131.72443,final
129783,2026-03-21T00:00:00,2,1010014,SS0806,131.0,6.2900763,3.4122138,11.541985,6.1664124,11.900763,6.46743,134.21051,148.14055,147.38055,final
129784,2026-04-01T00:00:00,2,1010014,SS0806,131.0,19.450382,6.3396945,29.80916,11.28575,31.351145,12.807124,215.61763,213.73996,204.13818,final
129785,2026-04-11T00:00:00,2,1010014,SS0806,131.0,8.7404585,7.5903306,34.48092,17.34224,40.091602,20.397455,109.13501,176.70978,177.54378,final
129786,2026-04-21T00:00:00,2,1010014,SS0806,131.0,3.59542,10.578117,31.786263,24.508142,43.687023,30.975573,55.17624,124.66478,135.33356,final
129787,2026-05-01T00:00:00,2,1010014,SS0806,131.0,8.251908,25.191093,20.587788,43.359543,51.93893,56.166668,43.893436,52.911556,93.088165,final
129788,2026-05-11T00:00:00,2,1010014,SS0806,131.0,40.870228,25.25827,52.717556,61.02748,92.74046,81.35573,151.59567,87.414444,113.18353,final
129789,2026-05-21T00:00:00,2,1010014,SS0806,131.0,25.122137,35.975063,74.24427,86.42443,117.57252,117.09898,73.51334,86.677345,100.387825,final
129790,2026-06-01T00:00:00,2,1010014,SS0806,131.0,53.374046,40.81552,119.36641,102.04886,169.76337,156.69415,127.411064,116.17724,108.08267,final
129791,2026-06-11T00:00:00,2,1010014,SS0806,131.0,28.030535,43.854454,106.52672,120.64504,193.72519,199.01476,67.61008,88.76333,97.407265,final
129792,2026-06-21T00:00:00,2,1010014,SS0806,131.0,35.038166,44.51603,116.44275,129.186,222.47328,240.11858,80.859,90.50329,92.80132,final
129793,2026-07-01T00:00:00,2,1010014,SS0806,131.0,51.870228,55.16845,114.938934,143.53893,254.89311,288.94733,94.51835,80.74579,88.41486,final
129794,2026-07-11T00:00:00,2,1010014,SS0806,131.0,41.50382,52.69822,128.41222,152.38269,287.6565,334.0552,80.59836,84.76931,86.31529,final
129795,2026-07-21T00:00:00,2,1010014,SS0806,131.0,37.06107,63.545547,130.43512,171.41222,321.12213,387.02264,61.36222,76.771965,83.18962,final
129796,2026-08-01T00:00:00,2,1010014,SS0806,131.0,42.129772,59.91654,120.69466,176.16031,354.99997,421.74808,72.60057,69.38311,84.358894,prelim
129797,2026-08-11T00:00:00,2,1010014,SS0806,131.0,36.50382,59.198982,115.69466,182.66107,350.63358,455.6888,64.64872,64.31524,77.19605,prelim
131418,2026-01-01T00:00:00,2,1010015,SS0310,192.0,0.0,0.004513889,0.0,0.018402778,66.20833,80.52205,99.909805,99.6333,83.26312,final
131419,2026-01-11T00:00:00,2,1010015,SS0310,192.0,0.0,0.0,0.0,0.004513889,46.833332,52.875347,100.0,99.909805,89.560295,final
131420,2026-01-21T00:00:00,2,1010015,SS0310,192.0,0.0,0.075868055,0.0,0.080381945,24.338541,26.4033,98.50532,98.4178,93.425026,final
131421,2026-02-01T00:00:00,2,1010015,SS0310,192.0,0.45833334,0.5477431,0.45833334,0.6236111,11.619792,13.832118,98.38837,97.061005,88.25238,final
131422,2026-02-11T00:00:00,2,1010015,SS0310,192.0,1.625,0.85121524,2.0833333,1.4748263,7.8489585,7.940104,113.22434,109.39804,99.29564,final
131423,2026-02-21T00:00:00,2,1010015,SS0310,192.0,1.78125,1.4565972,3.8645833,2.8555555,5.0208335,4.21441,105.02824,112.844765,108.75177,final
131424,2026-03-01T00:00:00,2,1010015,SS0310,192.0,4.171875,4.0819445,7.578125,6.3897567,8.036458,7.0317707,100.99021,110.43365,108.35029,final
131425,2026-03-11T00:00:00,2,1010015,SS0310,192.0,10.427083,4.9137154,16.380207,10.452257,18.463541,11.931597,155.61354,138.363,138.57843,final
131426,2026-03-21T00:00:00,2,1010015,SS0310,192.0,18.927084,9.315625,33.526043,18.311285,37.390625,21.247223,167.13963,165.26778,161.50519,final
131427,2026-04-01T00:00:00,2,1010015,SS0310,192.0,23.291666,17.055208,52.645836,31.284548,60.68229,38.297916,128.27658,158.8716,151.69849,final
131428,2026-04-11T00:00:00,2,1010015,SS0310,192.0,11.828125,22.871702,54.046875,49.242535,72.510414,61.169617,60.377098,108.85714,117.138985,final
131429,2026-04-21T00:00:00,2,1010015,SS0310,192.0,36.645832,26.724306,71.765625,66.651215,109.15625,87.818054,131.27422,107.13793,122.98927,final
131430,2026-05-01T00:00:00,2,1010015,SS0310,192.0,23.609375,34.08559,72.08333,83.681595,132.30728,121.3559,73.19673,86.92145,108.66708,final
131431,2026-05-11T00:00:00,2,1010015,SS0310,192.0,44.697918,32.855034,104.953125,93.66493,175.3802,153.35973,131.28484,111.44093,113.90535,final
131432,2026-05-21T00:00:00,2,1010015,SS0310,192.0,14.151042,36.909203,82.458336,103.84982,187.75002,188.81233,45.69651,80.3477,99.45188,final
131433,2026-06-01T00:00:00,2,1010015,SS0310,192.0,37.026043,41.643055,95.875,111.40729,220.60419,226.37344,90.101395,86.656944,97.506516,final
131434,2026-06-11T00:00:00,2,1010015,SS0310,192.0,13.713542,41.635242,64.890625,120.1875,223.89064,263.09497,40.127472,55.828754,85.3767,final
131435,2026-06-21T00:00:00,2,1010015,SS0310,192.0,34.109375,43.624653,84.84896,126.902954,239.07294,297.404,80.43116,68.11748,80.710884,final
131436,2026-07-01T00:00:00,2,1010015,SS0310,192.0,47.796875,49.22344,95.6198,134.48334,263.578125,329.57224,97.3691,72.137505,80.27508,final
131437,2026-07-11T00:00:00,2,1010015,SS0310,192.0,36.552082,50.393402,118.45833,143.24149,288.3021,357.09393,75.01269,83.281906,81.001656,final
131438,2026-07-21T00:00:00,2,1010015,SS0310,192.0,44.71875,57.80677,129.0677,157.42361,296.375,388.1764,79.161446,82.542,76.651344,final
131439,2026-08-01T00:00:00,2,1010015,SS0310,192.0,47.125,48.809376,128.39583,157.00955,319.890625,402.90018,96.869736,82.33825,79.64954,prelim
131440,2026-08-11T00:00:00,2,1010015,SS0310,192.0,39.557293,52.97934,131.40105,159.59549,314.74997,423.02448,76.850296,82.87047,74.70367,prelim
133061,2026-01-01T00:00:00,2,1010016,SS0712,158.0,0.0,0.0,0.0,0.0,45.12025,55.810337,100.0,100.0,82.42061,final
133062,2026-01-11T00:00:00,2,1010016,SS0712,158.0,0.0,0.0,0.0,0.0,18.202532,29.124472,100.0,100.0,67.99381,final
133063,2026-01-21T00:00:00,2,1010016,SS0712,158.0,0.0,0.0,0.0,0.0,9.936708,6.071941,100.0,100.0,134.90596,final
133064,2026-02-01T00:00:00,2,1010016,SS0712,158.0,0.0,0.0,0.0,0.0,0.9240506,0.9989451,100.0,100.0,98.75154,final
133065,2026-02-11T00:00:00,2,1010016,SS0712,158.0,0.006329114,0.00907173,0.006329114,0.00907173,0.54430383,0.32911393,99.945244,99.945244,104.038,final
133066,2026-02-21T00:00:00,2,1010016,SS0712,158.0,0.23417722,0.33544302,0.24050634,0.34451476,0.48101267,0.5010548,98.10201,98.05392,99.63567,final
133067,2026-03-01T00:00:00,2,1010016,SS0712,158.0,1.386076,1.4516878,1.6265823,1.7962025,1.6265823,1.7962025,98.983025,97.50419,97.50419,final
133068,2026-03-11T00:00:00,2,1010016,SS0712,158.0,4.474684,1.9803797,6.094937,3.7675104,6.101266,3.7765822,135.73306,126.54603,126.487335,final
133069,2026-03-21T00:00:00,2,1010016,SS0712,158.0,9.962026,3.9816456,15.822785,7.413713,16.063292,7.758228,166.58446,167.74017,165.09575,final
133070,2026-04-01T00:00:00,2,1010016,SS0712,158.0,27.259493,10.122152,41.6962,16.084177,43.322784,17.880379,213.32605,221.4751,211.1975,final
133071,2026-04-11T00:00:00,2,1010016,SS0712,158.0,16.715189,12.907173,53.936707,27.010971,60.03797,30.787552,121.265305,184.11409,181.7335,final
133072,2026-04-21T00:00:00,2,1010016,SS0712,158.0,9.651898,20.253164,53.62658,43.28249,69.68987,51.040718,58.02005,121.4241,133.27786,final
133073,2026-05-01T00:00:00,2,1010016,SS0712,158.0,40.512657,36.698524,66.879745,69.858864,110.20253,87.73924,109.14693,96.020355,124.22199,final
133074,2026-05-11T00:00:00,2,1010016,SS0712,158.0,80.06962,35.720886,130.23418,92.67258,190.26582,123.45106,208.90906,138.45665,152.01575,final
133075,2026-05-21T00:00:00,2,1010016,SS0712,158.0,14.044304,41.972996,134.62659,114.3924,204.07596,165.08861,40.54309,116.947624,122.92179,final
133076,2026-06-01T00:00:00,2,1010016,SS0712,158.0,40.765823,42.120255,134.87975,119.81413,243.4557,205.75717,97.12559,112.07044,117.887184,final
133077,2026-06-11T00:00:00,2,1010016,SS0712,158.0,31.810127,38.155907,86.620255,122.24915,270.79114,241.93271,85.29569,72.00068,111.68675,final
133078,2026-06-21T00:00:00,2,1010016,SS0712,158.0,32.06329,43.405273,104.63924,123.681435,292.89243,281.35632,76.5687,85.202065,104.02858,final
133079,2026-07-01T00:00:00,2,1010016,SS0712,158.0,36.449368,51.531223,100.322784,133.0924,302.0823,322.7654,73.32119,76.26979,93.68966,final
133080,2026-07-11T00:00:00,2,1010016,SS0712,158.0,43.28481,52.391983,111.79747,147.32848,328.65192,362.2502,84.13163,76.67474,90.85139,final
133081,2026-07-21T00:00:00,2,1010016,SS0712,158.0,70.82912,65.88966,150.5633,169.81287,389.82916,407.88672,106.967804,88.98847,95.62651,final
133082,2026-08-01T00:00:00,2,1010016,SS0712,158.0,62.265823,51.850845,176.37975,170.13249,411.58228,423.03903,118.31983,103.56716,97.32343,prelim
133083,2026-08-11T00:00:00,2,1010016,SS0712,158.0,31.772152,58.214348,164.8671,175.95485,363.2848,445.5325,58.17058,93.87264,81.74433,prelim
134704,2026-01-01T00:00:00,2,1010017,SS0311,401.0,0.21197008,0.24380715,0.49127185,0.51936823,75.26682,84.10349,99.39285,99.49095,90.08269,final
134705,2026-01-11T00:00:00,2,1010017,SS0311,401.0,0.18453865,0.22793017,0.4937656,0.5571072,43.486286,53.44364,99.17001,98.86018,82.96246,final
134706,2026-01-21T00:00:00,2,1010017,SS0311,401.0,0.2543641,0.3472153,0.6508728,0.8189526,22.999998,25.317457,98.263565,97.11151,92.356026,final
134707,2026-02-01T00:00:00,2,1010017,SS0311,401.0,0.13715711,0.15037407,0.5760598,0.72551954,9.925187,11.854946,99.74338,97.38959,88.55078,final
134708,2026-02-11T00:00:00,2,1010017,SS0311,401.0,0.40399003,0.28678304,0.79551125,0.7843724,7.4463835,6.6778884,102.21697,100.19257,106.58077,final
134709,2026-02-21T00:00:00,2,1010017,SS0311,401.0,1.0274314,1.2797174,1.5685785,1.7168745,4.1521196,4.205985,95.98253,97.79219,99.41489,final
134710,2026-03-01T00:00:00,2,1010017,SS0311,401.0,3.1770573,3.823691,4.6084785,5.390191,5.6758103,6.635079,92.67162,92.47644,91.75537,final
134711,2026-03-11T00:00:00,2,1010017,SS0311,401.0,11.069825,4.69069,15.274314,9.794098,16.563591,11.135578,165.82745,137.04326,133.64003,final
134712,2026-03-21T00:00:00,2,1010017,SS0311,401.0,27.790524,8.947797,42.037407,17.462177,44.25686,19.998005,235.09464,209.40717,197.04315,final
134713,2026-04-01T00:00:00,2,1010017,SS0311,401.0,28.840399,14.989443,67.700745,28.62793,72.885284,34.74364,169.29137,216.19156,195.96918,final
134714,2026-04-11T00:00:00,2,1010017,SS0311,401.0,20.40399,19.686035,77.03491,43.623276,93.10474,54.201744,102.90835,168.71532,165.71259,final
134715,2026-04-21T00:00:00,2,1010017,SS0311,401.0,26.733168,25.642977,75.977554,60.318455,119.58354,79.497505,103.55772,123.97348,147.44049,final
134716,2026-05-01T00:00:00,2,1010017,SS0311,401.0,35.229427,34.12153,82.366585,79.45054,154.67581,113.46866,102.83194,103.45297,134.78317,final
134717,2026-05-11T00:00:00,2,1010017,SS0311,401.0,55.673317,31.510473,117.63591,91.27498,209.94513,144.69235,166.18057,127.380875,143.59126,final
134718,2026-05-21T00:00:00,2,1010017,SS0311,401.0,14.74813,38.458855,105.65087,104.09086,223.66585,181.87149,45.440983,101.43001,122.365295,final
134719,2026-06-01T00:00:00,2,1010017,SS0311,401.0,38.01496,41.11247,108.43641,111.081795,258.50375,219.16026,93.282715,97.7211,117.551506,final
134720,2026-06-11T00:00:00,2,1010017,SS0311,401.0,19.117207,41.49285,71.880295,121.06417,266.55115,255.96243,51.872932,60.985046,104.05756,final
134721,2026-06-21T00:00:00,2,1010017,SS0311,401.0,31.561098,42.984787,88.69327,125.59011,270.32172,289.99942,76.1931,71.74606,93.32958,final
134722,2026-07-01T00:00:00,2,1010017,SS0311,401.0,44.955112,51.54497,95.63342,136.02261,286.4364,326.55493,88.34581,71.35978,87.89988,final
134723,2026-07-11T00:00:00,2,1010017,SS0311,401.0,47.20698,54.480133,123.72319,149.00989,313.23938,361.34903,87.77213,83.58112,86.86781,final
134724,2026-07-21T00:00:00,2,1010017,SS0311,401.0,57.45137,61.863426,149.61346,167.88852,343.95758,397.5695,93.40139,89.42957,86.68257,final
134725,2026-08-01T00:00:00,2,1010017,SS0311,401.0,60.630924,52.0078125,165.28928,168.35136,369.3591,415.45578,115.12618,98.23359,89.0365,prelim
134726,2026-08-11T00:00:00,2,1010017,SS0311,401.0,34.51621,55.428013,152.5985,169.29926,348.202,439.37332,65.39386,90.418335,79.48317,prelim
136347,2026-01-01T00:00:00,2,1010018,SS0903,634.0,0.19400631,0.18916929,0.19400631,0.18916929,119.443214,135.7439,100.09321,100.09321,88.4182,final
136348,2026-01-11T00:00:00,2,1010018,SS0903,634.0,0.28706625,0.28575185,0.48107255,0.47492114,68.70031,80.039955,100.024864,100.11236,86.66551,final
136349,2026-01-21T00:00:00,2,1010018,SS0903,634.0,0.5646688,0.62886435,1.0457413,1.1037855,28.974762,29.614721,98.85953,99.04904,98.15119,final
136350,2026-02-01T00:00:00,2,1010018,SS0903,634.0,0.7823344,0.89079916,1.6340694,1.8054154,8.957414,14.248843,98.15874,97.482216,72.5104,final
136351,2026-02-11T00:00:00,2,1010018,SS0903,634.0,1.3675079,1.3739748,2.7145112,2.8936384,7.3264985,8.767771,99.898544,97.73073,89.53155,final
136352,2026-02-21T00:00:00,2,1010018,SS0903,634.0,1.9558359,2.5280232,4.105678,4.792797,6.7397475,7.3101473,92.39923,92.98343,95.36643,final
136353,2026-03-01T00:00:00,2,1010018,SS0903,634.0,4.511041,6.421136,7.834385,10.323133,9.66246,12.3177185,83.275795,83.75823,84.66739,final
136354,2026-03-11T00:00:00,2,1010018,SS0903,634.0,23.310726,8.385068,29.777603,17.334227,32.973186,20.702785,211.50978,155.71439,147.73958,final
136355,2026-03-21T00:00:00,2,1010018,SS0903,634.0,33.79653,13.981388,61.6183,28.787592,66.769714,34.684174,204.39249,197.16795,180.85223,final
136356,2026-04-01T00:00:00,2,1010018,SS0903,634.0,29.288643,19.940746,86.395905,42.3072,95.86436,54.43575,137.48042,193.1966,169.70319,final
136357,2026-04-11T00:00:00,2,1010018,SS0903,634.0,14.832808,25.632492,77.917984,59.554626,110.4101,79.78249,64.74435,128.44623,136.12492,final
136358,2026-04-21T00:00:00,2,1010018,SS0903,634.0,21.236593,26.986277,65.35805,72.55952,131.08202,106.13991,82.024536,90.71491,122.44208,final
136359,2026-05-01T00:00:00,2,1010018,SS0903,634.0,28.577288,44.42776,64.64669,97.04653,158.87697,149.67686,67.93204,68.24993,105.947945,final
136360,2026-05-11T00:00:00,2,1010018,SS0903,634.0,53.15773,43.868824,102.97161,115.28286,210.66719,192.17172,119.007835,89.76475,109.38039,final
136361,2026-05-21T00:00:00,2,1010018,SS0903,634.0,32.386436,50.69921,114.12145,138.99579,241.09781,240.3429,67.122025,82.72565,100.3077,final
136362,2026-06-01T00:00:00,2,1010018,SS0903,634.0,58.41167,56.836647,143.95584,151.40468,294.99844,290.75842,102.54707,95.23746,101.43361,final
136363,2026-06-11T00:00:00,2,1010018,SS0903,634.0,48.771294,62.53223,139.5694,170.06808,320.459,344.90558,79.62316,82.57896,93.01338,final
136364,2026-06-21T00:00:00,2,1010018,SS0903,634.0,73.253944,55.251263,180.43692,174.62013,359.91638,386.17545,129.87935,103.23838,93.28714,final
136365,2026-07-01T00:00:00,2,1010018,SS0903,634.0,65.086754,66.61998,187.112,184.40347,395.7145,432.85468,97.85922,101.43004,91.51769,final
136366,2026-07-11T00:00:00,2,1010018,SS0903,634.0,47.542587,58.293324,185.88329,180.16457,428.42432,465.5155,83.01442,103.08845,92.116905,final
136367,2026-07-21T00:00:00,2,1010018,SS0903,634.0,68.32808,74.360565,180.95743,199.27386,475.51575,512.8898,92.398636,91.033394,92.7834,final
136368,2026-08-01T00:00:00,2,1010018,SS0903,634.0,70.64195,71.03391,186.51262,203.6878,517.58044,539.496,99.48449,91.76991,95.975075,prelim
136369,2026-08-11T00:00:00,2,1010018,SS0903,634.0,49.694008,68.70068,188.66403,214.09517,514.11676,564.3278,74.21099,88.392654,91.18064,prelim
137990,2026-01-01T00:00:00,2,1010019,SS0406,388.0,0.30927834,0.19596219,0.42010307,0.24639174,97.16754,101.01787,102.18086,103.311066,96.36823,final
137991,2026-01-11T00:00:00,2,1010019,SS0406,388.0,0.12886597,0.31743985,0.5283505,0.53685564,59.121128,61.220703,96.453674,99.84639,96.82942,final
137992,2026-01-21T00:00:00,2,1010019,SS0406,388.0,0.7963917,1.1791238,1.234536,1.6925257,20.770618,21.749142,93.80604,93.1567,96.34186,final
137993,2026-02-01T00:00:00,2,1010019,SS0406,388.0,1.2938144,1.0090206,2.219072,2.5055842,6.9278355,11.444159,104.73944,96.182686,72.53539,final
137994,2026-02-11T00:00:00,2,1010019,SS0406,388.0,1.7680413,1.6738832,3.8582473,3.8620274,7.376288,8.493213,101.41084,99.95735,91.72231,final
137995,2026-02-21T00:00:00,2,1010019,SS0406,388.0,2.7036083,2.9782646,5.765464,5.6611686,8.407216,8.727921,96.55744,100.978264,97.66386,final
137996,2026-03-01T00:00:00,2,1010019,SS0406,388.0,3.152062,8.691065,7.6237116,13.343213,10.262886,16.095188,59.54293,68.81952,72.35245,final
137997,2026-03-11T00:00:00,2,1010019,SS0406,388.0,18.664948,12.304296,24.520618,23.973625,28.907215,28.372509,136.75766,101.88791,101.602234,final
137998,2026-03-21T00:00:00,2,1010019,SS0406,388.0,45.72938,17.511856,67.54639,38.507217,74.54639,45.860912,225.34518,166.74564,156.39984,final
137999,2026-04-01T00:00:00,2,1010019,SS0406,388.0,21.146908,27.171907,85.541245,56.988056,95.38402,72.83685,81.27249,146.0624,128.96721,final
138000,2026-04-11T00:00:00,2,1010019,SS0406,388.0,15.969072,38.05103,82.84536,82.734795,111.22423,110.57045,48.70748,100.126015,100.5657,final
138001,2026-04-21T00:00:00,2,1010019,SS0406,388.0,35.608246,40.0494,72.72423,105.27234,146.03609,149.44072,90.14159,70.48389,97.79551,final
138002,2026-05-01T00:00:00,2,1010019,SS0406,388.0,45.100517,51.053867,96.67783,129.1543,189.84277,199.48557,89.379234,75.79171,95.28436,final
138003,2026-05-11T00:00:00,2,1010019,SS0406,388.0,56.590206,51.74158,137.29897,142.84485,244.66495,249.55327,108.5451,96.24885,98.07964,final
138004,2026-05-21T00:00:00,2,1010019,SS0406,388.0,26.82732,53.184193,128.51804,155.97964,268.78867,299.7592,54.700977,82.94094,89.83771,final
138005,2026-06-01T00:00:00,2,1010019,SS0406,388.0,62.86598,60.601803,146.28351,165.52757,328.5026,351.66992,103.45139,88.71498,93.50455,final
138006,2026-06-11T00:00:00,2,1010019,SS0406,388.0,34.389175,65.04339,124.08247,178.82938,344.2268,404.40903,56.235397,70.218636,85.30022,final
138007,2026-06-21T00:00:00,2,1010019,SS0406,388.0,58.40464,56.646305,155.65979,182.29149,356.90207,443.54346,102.852295,85.78062,80.68384,final
138008,2026-07-01T00:00:00,2,1010019,SS0406,388.0,62.54897,55.415977,155.34279,177.10567,398.30414,471.78754,111.806465,88.04931,84.587814,final
138009,2026-07-11T00:00:00,2,1010019,SS0406,388.0,33.051548,56.81383,154.00516,168.87611,415.3866,490.55035,61.558308,91.44738,84.83227,final
138010,2026-07-21T00:00:00,2,1010019,SS0406,388.0,43.690723,61.359795,139.29124,173.5896,423.4691,511.86075,73.37383,80.794876,82.89837,final
138011,2026-08-01T00:00:00,2,1010019,SS0406,388.0,55.819588,60.292095,132.56186,178.46573,434.18817,521.09894,93.149994,74.97959,83.48015,prelim
138012,2026-08-11T00:00:00,2,1010019,SS0406,388.0,38.11598,57.01495,137.6263,178.66684,415.71393,526.3723,69.52513,77.6549,79.17498,prelim
139633,2026-01-01T00:00:00,2,1010020,SS1010,288.0,1.4270834,2.1077547,5.8125005,4.7608795,195.83334,187.43715,90.423546,110.77383,104.36308,final
139634,2026-01-11T00:00:00,2,1010020,SS1010,288.0,1.1180556,2.2366898,6.1736116,5.7136574,113.142365,127.535995,84.54218,104.29315,89.13983,final
139635,2026-01-21T00:00:00,2,1010020,SS1010,288.0,3.5659723,3.9350693,6.111111,8.279514,64.03819,67.51921,95.869125,83.67107,95.19987,final
139636,2026-02-01T00:00:00,2,1010020,SS1010,288.0,5.6597223,3.598264,10.34375,9.770023,34.92014,46.23912,123.97529,103.8844,77.90949,final
139637,2026-02-11T00:00:00,2,1010020,SS1010,288.0,12.361111,5.1304398,21.586805,12.663774,38.083332,34.789352,171.37569,150.516,108.27855,final
139638,2026-02-21T00:00:00,2,1010020,SS1010,288.0,3.8715277,6.9721065,21.89236,15.70081,37.94097,30.859375,74.10164,129.9097,119.748245,final
139639,2026-03-01T00:00:00,2,1010020,SS1010,288.0,2.5486112,18.316204,18.78125,30.41875,34.9375,44.949654,32.374958,67.143105,79.95551,final
139640,2026-03-11T00:00:00,2,1010020,SS1010,288.0,45.944443,23.09074,52.364582,48.37905,80.125,66.756485,181.35672,107.46647,118.630394,final
139641,2026-03-21T00:00:00,2,1010020,SS1010,288.0,53.364582,26.618286,101.857635,68.02523,129.8611,92.005554,184.59122,146.32974,139.02411,final
139642,2026-04-01T00:00:00,2,1010020,SS1010,288.0,28.0,39.63345,127.30902,89.342476,156.43402,129.53125,73.93558,140.24332,119.99742,final
139643,2026-04-11T00:00:00,2,1010020,SS1010,288.0,32.444443,48.841553,113.80902,115.093285,187.7604,176.13611,69.54562,98.93061,106.41744,final
139644,2026-04-21T00:00:00,2,1010020,SS1010,288.0,58.32986,48.8625,118.77431,137.3375,242.5243,221.06354,117.57691,86.95833,109.49324,final
139645,2026-05-01T00:00:00,2,1010020,SS1010,288.0,51.81597,58.714466,142.59027,156.41852,288.68054,276.17975,89.1728,91.4333,104.44584,final
139646,2026-05-11T00:00:00,2,1010020,SS1010,288.0,74.416664,60.92373,184.5625,168.5007,350.73608,331.97302,120.4675,109.257484,105.56812,final
139647,2026-05-21T00:00:00,2,1010020,SS1010,288.0,44.98611,64.81019,171.21875,184.44838,391.85068,389.8111,71.60289,93.01676,100.516594,final
139648,2026-06-01T00:00:00,2,1010020,SS1010,288.0,67.666664,59.66516,187.06943,185.39908,456.96872,431.16006,112.37375,100.87729,105.91724,final
139649,2026-06-11T00:00:00,2,1010020,SS1010,288.0,36.475693,68.19502,149.12846,192.67038,447.5,476.26434,56.664635,77.972466,94.02317,final
139650,2026-06-21T00:00:00,2,1010020,SS1010,288.0,43.73611,57.744675,147.87846,185.60486,437.8715,507.39075,77.673706,80.207016,86.43237,final
139651,2026-07-01T00:00:00,2,1010020,SS1010,288.0,56.166668,57.09815,136.37848,183.03784,466.03815,524.8554,98.49999,75.18619,88.899376,final
139652,2026-07-11T00:00:00,2,1010020,SS1010,288.0,40.15625,57.260185,140.05902,172.10301,473.75,533.27405,72.52829,81.90658,88.94168,final
139653,2026-07-21T00:00:00,2,1010020,SS1010,288.0,50.868057,61.5287,147.19098,175.88704,466.28815,545.9403,83.97587,84.13592,85.5425,final
139654,2026-08-01T00:00:00,2,1010020,SS1010,288.0,52.49653,66.53009,143.52084,185.31898,466.9687,553.7559,80.3809,78.03785,84.46777,prelim
139655,2026-08-11T00:00:00,2,1010020,SS1010,288.0,43.78472,67.95764,147.1493,196.01643,436.3368,560.7898,66.86719,75.68999,78.00367,prelim
141276,2026-01-01T00:00:00,2,1010021,SS0106,216.0,2.3472223,4.0070987,22.439816,11.721296,199.0741,235.45586,81.57146,164.101,84.869675,final
141277,2026-01-11T00:00:00,2,1010021,SS0106,216.0,2.0972223,3.8313272,21.939816,11.832253,155.29633,175.3588,80.36416,160.04878,88.87636,final
141278,2026-01-21T00:00:00,2,1010021,SS0106,216.0,3.8425925,4.6050925,8.287037,12.443519,86.078705,111.20386,92.06149,76.17177,78.37839,final
141279,2026-02-01T00:00:00,2,1010021,SS0106,216.0,6.3240743,5.0567904,12.263889,13.49321,59.74074,80.11898,112.601265,93.352585,76.05911,final
141280,2026-02-11T00:00:00,2,1010021,SS0106,216.0,15.194445,6.083179,25.36111,15.745062,61.143517,59.053085,182.20805,146.35344,103.263596,final
141281,2026-02-21T00:00:00,2,1010021,SS0106,216.0,9.643518,7.166358,31.162037,18.306328,65.63426,47.421604,120.36074,155.15973,134.74266,final
141282,2026-03-01T00:00:00,2,1010021,SS0106,216.0,5.9444447,16.424847,30.782408,29.674383,65.48611,54.88889,51.08296,103.19551,117.69479,final
141283,2026-03-11T00:00:00,2,1010021,SS0106,216.0,32.671295,19.29429,48.25926,42.885494,95.56018,70.46281,155.06235,111.222115,133.25793,final
141284,2026-03-21T00:00:00,2,1010021,SS0106,216.0,65.89352,28.965279,104.509254,64.68442,143.95833,95.43426,208.7235,157.15028,148.31425,final
141285,2026-04-01T00:00:00,2,1010021,SS0106,216.0,20.49074,40.76466,119.05555,89.02423,162.10185,132.19182,55.699615,131.93999,121.80161,final
141286,2026-04-11T00:00:00,2,1010021,SS0106,216.0,26.824074,51.39892,113.20833,121.12886,186.8287,179.75941,56.426746,93.72028,103.82621,final
141287,2026-04-21T00:00:00,2,1010021,SS0106,216.0,62.62037,53.17392,109.93518,145.3375,245.60648,228.32825,116.23828,76.45144,107.40511,final
141288,2026-05-01T00:00:00,2,1010021,SS0106,216.0,57.23148,54.370987,146.67592,158.94383,296.5139,277.64246,104.818,92.517,106.67678,final
141289,2026-05-11T00:00:00,2,1010021,SS0106,216.0,42.074074,57.6821,161.92593,165.227,323.3935,329.24136,75.09971,98.06078,98.250404,final
141290,2026-05-21T00:00:00,2,1010021,SS0106,216.0,23.435184,57.05756,122.74074,169.11066,337.18515,379.13257,45.820663,73.36756,89.07996,final
141291,2026-06-01T00:00:00,2,1010021,SS0106,216.0,44.953705,59.53565,110.46297,174.27531,376.19443,422.24338,77.40482,64.405396,89.22185,final
141292,2026-06-11T00:00:00,2,1010021,SS0106,216.0,23.99074,56.022995,92.37962,172.61621,367.5139,458.97208,47.507893,54.825867,80.288,final
141293,2026-06-21T00:00:00,2,1010021,SS0106,216.0,25.24074,55.18534,94.18518,170.74399,326.8611,485.1921,50.246025,56.437313,67.70021,final
141294,2026-07-01T00:00:00,2,1010021,SS0106,216.0,66.53241,54.21929,115.763885,165.42763,372.9028,498.64676,120.79241,70.85934,75.0333,final
141295,2026-07-11T00:00:00,2,1010021,SS0106,216.0,30.078703,55.940277,121.85185,165.34491,376.1574,503.1881,57.562428,74.46765,75.00321,final
141296,2026-07-21T00:00:00,2,1010021,SS0106,216.0,41.601852,62.391357,138.21297,172.55092,355.13885,512.4056,69.15108,80.660225,69.60475,final
141297,2026-08-01T00:00:00,2,1010021,SS0106,216.0,38.87963,58.35571,110.56019,176.68735,336.78705,516.39026,69.25916,63.60387,65.55302,prelim
141298,2026-08-11T00:00:00,2,1010021,SS0106,216.0,35.087963,55.524845,115.56944,176.27191,329.8009,514.23303,66.233894,66.51303,64.4799,prelim
142919,2026-01-01T00:00:00,2,1010022,SS0407,184.0,0.08152174,0.13025363,0.103260875,0.14275362,61.97826,71.199455,99.0501,99.23207,87.8986,final
142920,2026-01-11T00:00:00,2,1010022,SS0407,184.0,0.11956522,0.17771739,0.2228261,0.3106884,42.880432,43.81594,98.87688,98.34555,98.083595,final
142921,2026-01-21T00:00:00,2,1010022,SS0407,184.0,0.35326087,0.4914855,0.5543479,0.79945654,16.684784,16.65308,97.48293,95.7736,100.146416,final
142922,2026-02-01T00:00:00,2,1010022,SS0407,184.0,0.58152175,0.6175725,1.0543479,1.2867754,6.510869,8.25,99.35826,96.30292,86.87448,final
142923,2026-02-11T00:00:00,2,1010022,SS0407,184.0,1.0869565,0.96847826,2.021739,2.077536,5.6902175,5.4905796,101.98506,99.21163,101.90302,final
142924,2026-02-21T00:00:00,2,1010022,SS0407,184.0,1.5543479,1.4867754,3.222826,3.0728261,4.972826,4.9219203,101.0417,101.85808,100.513054,final
142925,2026-03-01T00:00:00,2,1010022,SS0407,184.0,4.744565,4.248551,7.3858695,6.7038045,8.543478,8.133333,105.36317,105.82773,103.122925,final
142926,2026-03-11T00:00:00,2,1010022,SS0407,184.0,10.907609,5.6306157,17.206522,11.365942,19.451088,13.754167,149.63959,135.68741,130.37685,final
142927,2026-03-21T00:00:00,2,1010022,SS0407,184.0,21.298914,10.442391,36.951088,20.321558,40.728264,24.19384,170.30338,165.67342,156.63669,final
142928,2026-04-01T00:00:00,2,1010022,SS0407,184.0,20.717392,18.33895,52.923916,34.411957,61.364136,42.402534,110.19087,146.97041,140.00124,final
142929,2026-04-11T00:00:00,2,1010022,SS0407,184.0,7.2173915,26.663044,49.233696,55.444386,68.46196,68.88786,38.58565,89.72495,99.423584,final
142930,2026-04-21T00:00:00,2,1010022,SS0407,184.0,43.04348,31.449276,70.978264,76.45127,111.152176,99.84565,131.80916,93.28064,110.78397,final
142931,2026-05-01T00:00:00,2,1010022,SS0407,184.0,28.505434,34.90362,78.766304,93.015945,139.0761,134.1317,83.96589,85.461914,103.55375,final
142932,2026-05-11T00:00:00,2,1010022,SS0407,184.0,40.570652,35.113045,112.11957,101.46594,178.55978,168.27628,113.60557,110.00661,105.93475,final
142933,2026-05-21T00:00:00,2,1010022,SS0407,184.0,14.858696,37.719566,83.934784,107.73623,191.86414,204.50906,46.486183,78.88749,93.96449,final
142934,2026-06-01T00:00:00,2,1010022,SS0407,184.0,27.38587,45.19873,82.815216,118.03134,214.50543,245.45924,64.51532,71.3763,87.64118,final
142935,2026-06-11T00:00:00,2,1010022,SS0407,184.0,11.548913,45.632973,53.79348,128.55127,215.14673,285.4616,32.68406,44.02315,75.79202,final
142936,2026-06-21T00:00:00,2,1010022,SS0407,184.0,41.527172,46.771557,80.46196,137.60326,235.37502,321.79077,89.87014,59.92988,73.556244,final
142937,2026-07-01T00:00:00,2,1010022,SS0407,184.0,37.592392,46.041306,90.66847,138.44583,252.25,349.4931,83.44691,66.6931,72.568405,final
142938,2026-07-11T00:00:00,2,1010022,SS0407,184.0,30.0,48.05924,109.11957,140.8721,275.03262,370.8893,65.964005,78.23262,74.498695,final
142939,2026-07-21T00:00:00,2,1010022,SS0407,184.0,36.891304,53.347645,104.483696,147.44818,268.88043,392.7877,71.79605,71.81699,68.85091,final
142940,2026-08-01T00:00:00,2,1010022,SS0407,184.0,34.04348,46.659603,100.934784,148.06648,274.4185,404.54367,75.578354,69.20835,68.22678,prelim
142941,2026-08-11T00:00:00,2,1010022,SS0407,184.0,36.782608,48.578804,107.71739,148.58604,270.63043,418.00943,77.98346,73.39039,65.1594,prelim
144562,2026-01-01T00:00:00,2,1010023,SS0408,158.0,0.6329114,0.678903,1.1202532,0.8613924,79.43038,86.90169,99.190125,104.41637,91.87032,final
144563,2026-01-11T00:00:00,2,1010023,SS0408,158.0,0.62658226,0.74831223,1.6962025,1.5194093,53.32279,53.342617,97.88234,102.7118,99.96601,final
144564,2026-01-21T00:00:00,2,1010023,SS0408,158.0,0.9493671,1.1470464,2.2088606,2.5742617,22.436708,20.063292,96.78416,95.17575,109.46969,final
144565,2026-02-01T00:00:00,2,1010023,SS0408,158.0,0.9683544,0.9386076,2.544304,2.8339663,7.6202526,10.50654,100.50091,96.30248,81.38664,final
144566,2026-02-11T00:00:00,2,1010023,SS0408,158.0,1.8797468,1.2080169,3.7974682,3.293671,8.499999,8.185021,110.820366,106.07448,102.38891,final
144567,2026-02-21T00:00:00,2,1010023,SS0408,158.0,2.778481,2.2392406,5.626582,4.385865,10.151899,8.662658,107.44885,113.219,110.90009,final
144568,2026-03-01T00:00:00,2,1010023,SS0408,158.0,4.708861,6.474684,9.367088,9.921941,13.031645,13.6173,84.61114,96.28164,96.85424,final
144569,2026-03-11T00:00:00,2,1010023,SS0408,158.0,13.829114,9.209704,21.316456,17.92363,26.810127,22.73671,132.50882,114.80056,114.68601,final
144570,2026-03-21T00:00:00,2,1010023,SS0408,158.0,33.791138,14.361604,52.329113,30.045992,60.164555,37.00612,200.35086,163.58252,155.13109,final
144571,2026-04-01T00:00:00,2,1010023,SS0408,158.0,20.158228,20.581224,67.77848,44.15253,79.68987,56.90844,98.34646,148.0666,136.79858,final
144572,2026-04-11T00:00:00,2,1010023,SS0408,158.0,11.240506,30.143038,65.18987,65.08587,90.303795,86.30317,46.212585,100.14839,104.38169,final
144573,2026-04-21T00:00:00,2,1010023,SS0408,158.0,38.765823,33.777637,70.16456,84.5019,128.12025,118.933754,112.86356,83.980965,107.41243,final
144574,2026-05-01T00:00:00,2,1010023,SS0408,158.0,34.455696,43.932068,84.46202,107.852745,161.6076,161.92722,80.63361,79.27324,99.80853,final
144575,2026-05-11T00:00:00,2,1010023,SS0408,158.0,39.601265,42.44536,112.822784,120.15506,199.3291,203.16455,94.00554,94.14145,98.157486,final
144576,2026-05-21T00:00:00,2,1010023,SS0408,158.0,18.892405,43.706963,92.94936,130.08438,215.44304,244.63228,49.053364,72.50976,88.307106,final
144577,2026-06-01T00:00:00,2,1010023,SS0408,158.0,36.791138,48.49304,95.284805,134.64536,247.52531,286.65063,78.12444,71.81393,86.58487,final
144578,2026-06-11T00:00:00,2,1010023,SS0408,158.0,18.556963,48.62806,74.2405,140.82806,252.25317,326.06897,43.926563,54.338306,77.703804,final
144579,2026-06-21T00:00:00,2,1010023,SS0408,158.0,39.36076,48.522575,94.70886,145.64368,257.82278,360.22995,82.88233,66.18855,71.96091,final
144580,2026-07-01T00:00:00,2,1010023,SS0408,158.0,39.588608,41.749157,97.50633,138.8998,277.25317,381.3979,95.378426,71.23453,73.04729,final
144581,2026-07-11T00:00:00,2,1010023,SS0408,158.0,32.1962,46.429535,111.14557,136.70126,298.20886,397.6844,72.32459,81.96509,75.296906,final
144582,2026-07-21T00:00:00,2,1010023,SS0408,158.0,39.898735,50.983334,111.68354,139.16202,299.3418,414.89008,80.20018,80.93917,72.48131,final
144583,2026-08-01T00:00:00,2,1010023,SS0408,158.0,29.58228,51.05591,101.677216,148.46878,294.46835,422.01392,61.692474,69.51069,70.13082,prelim
144584,2026-08-11T00:00:00,2,1010023,SS0408,158.0,35.898735,51.206963,105.37975,153.2462,290.7658,430.7755,72.764534,69.751915,67.87114,prelim
